GU,Date,offense,Count
TAMUGAN,2020-01-01,VANDALISM,24
WINES,2020-01-01,ROBBERY,9
LIZADA,2020-01-01,CARNAPPING,12
BAO ESCUELA,2020-01-01,PHYSICAL INJURY,20
SALAYSAY,2020-01-01,ILLEGAL POSSESSION OF FIREARMS,5
RIVERSIDE,2020-01-01,DRUG-RELATED,13
TOMAS MONTEVERDE,2020-01-01,RAPE,13
LOS AMIGOS,2020-01-01,CHILD ABUSE,11
BAGANIHAN,2020-01-01,VANDALISM,4
MALAGOS,2020-01-01,HOMICIDE,24
TALOMO RIVER,2020-01-01,MURDER,10
BUNAWAN,2020-01-01,VANDALISM,6
MANUEL GUIANGA,2020-01-01,VANDALISM,12
PANACAN,2020-01-01,HOMICIDE,1
PAQUIBATO,2020-01-01,HOMICIDE,13
BARANGAY 9-A,2020-01-01,RAPE,14
CATALUNAN GRANDE,2020-01-01,HOMICIDE,1
GUMALANG,2020-01-01,PHYSICAL INJURY,13
CATALUNAN GRANDE,2020-01-01,CARNAPPING,4
ACACIA,2020-01-01,ILLEGAL POSSESSION OF FIREARMS,14
NEW VALENCIA,2020-01-01,DRUG-RELATED,3
ALFONSO ANGLIONGTO SR,2020-01-01,CHILD ABUSE,12
INDANGAN,2020-01-01,DRUG-RELATED,24
CALINAN,2020-01-01,VANDALISM,17
PACIANO BANGOY,2020-01-01,RAPE,4
INDANGAN,2020-01-01,THEFT,18
TUNGKALAN,2020-01-01,HOMICIDE,17
CABANTIAN,2020-01-01,RAPE,17
BUHANGIN,2020-01-01,VANDALISM,3
BAGO GALLERA,2020-01-01,ILLEGAL POSSESSION OF FIREARMS,17
TIGATTO,2020-01-01,RAPE,7
BARANGAY 9-A,2020-01-01,ILLEGAL GAMBLING,11
TAMAYONG,2020-01-01,HOMICIDE,16
SAN ISIDRO,2020-01-01,PHYSICAL INJURY,22
BARANGAY 27-C,2020-01-01,DRUG-RELATED,9
DUMOY,2020-01-01,BURGLARY,13
MANUEL GUIANGA,2020-01-01,MURDER,4
SASA,2020-01-01,PHYSICAL INJURY,20
BALENGAENG,2020-01-01,VANDALISM,21
PACIANO BANGOY,2020-01-01,DRUG-RELATED,18
NEW VALENCIA,2020-01-01,MURDER,21
TIBULOY,2020-01-01,CHILD ABUSE,20
MARAPANGI,2020-01-01,MURDER,19
TIBULOY,2020-01-01,PHYSICAL INJURY,23
GUMITAN,2020-01-01,RAPE,18
PAMPANGA,2020-01-01,CHILD ABUSE,21
BARANGAY 17-B,2020-01-01,CHILD ABUSE,11
TACUNAN,2020-01-01,BURGLARY,16
SASA,2020-01-01,ILLEGAL POSSESSION OF FIREARMS,3
74-A MATINA CROSSING,2020-01-01,PHYSICAL INJURY,8
BARANGAY 13-B,2020-01-01,CHILD ABUSE,4
BARANGAY 2-A,2020-01-01,DRUG-RELATED,13
MATINA PANGI,2020-01-01,ILLEGAL GAMBLING,17
BARANGAY 27-C,2020-01-01,ILLEGAL POSSESSION OF FIREARMS,24
MATINA PANGI,2020-01-01,ROBBERY,5
BAGO GALLERA,2020-01-01,ROBBERY,10
ALFONSO ANGLIONGTO SR,2020-01-01,ILLEGAL POSSESSION OF FIREARMS,22
SASA,2020-01-01,RAPE,1
TALOMO RIVER,2020-01-01,PHYSICAL INJURY,10
CALINAN,2020-01-01,ROBBERY,17
LACSON,2020-01-01,HOMICIDE,11
BANTOL,2020-01-01,ROBBERY,1
PANALUM,2020-01-01,BURGLARY,6
BINUGAO,2020-01-01,HOMICIDE,24
BAGO APLAYA,2020-01-01,MURDER,10
SAN ISIDRO,2020-01-01,ILLEGAL POSSESSION OF FIREARMS,24
EDEN,2020-01-01,ILLEGAL GAMBLING,22
TIGATTO,2020-01-01,PHYSICAL INJURY,6
BARANGAY 22-C,2020-01-01,CARNAPPING,16
BARANGAY 9-A,2020-01-01,ROBBERY,3
BARANGAY 8-A,2020-02-01,ILLEGAL GAMBLING,16
NEW VALENCIA,2020-02-01,CARNAPPING,24
DALIAO,2020-02-01,VANDALISM,16
BINUGAO,2020-02-01,VANDALISM,10
MAGTUOD,2020-02-01,CARNAPPING,21
RIVERSIDE,2020-02-01,RAPE,15
CAWAYAN,2020-02-01,CARNAPPING,17
BARANGAY 3-A,2020-02-01,ILLEGAL POSSESSION OF FIREARMS,1
PANACAN,2020-02-01,THEFT,3
TOMAS MONTEVERDE,2020-02-01,THEFT,23
DUTERTE,2020-02-01,ILLEGAL GAMBLING,16
BANTOL,2020-02-01,VANDALISM,5
BARANGAY 27-C,2020-02-01,RAPE,15
VICENTE HIZON,2020-02-01,VANDALISM,3
TAPAK,2020-02-01,MURDER,13
BUHANGIN,2020-02-01,DRUG-RELATED,3
CATIGAN,2020-02-01,ROBBERY,10
MABUHAY,2020-02-01,CARNAPPING,11
SALOY,2020-02-01,MURDER,1
SIRIB,2020-02-01,RAPE,16
TALOMO,2020-02-01,ILLEGAL GAMBLING,2
TAMUGAN,2020-02-01,ILLEGAL GAMBLING,21
ALFONSO ANGLIONGTO SR,2020-02-01,VANDALISM,12
BARANGAY 2-A,2020-02-01,ILLEGAL POSSESSION OF FIREARMS,22
BARANGAY 38-D,2020-02-01,RAPE,17
ULAS,2020-02-01,ILLEGAL POSSESSION OF FIREARMS,2
VICENTE HIZON,2020-02-01,PHYSICAL INJURY,5
DUTERTE,2020-02-01,THEFT,16
FATIMA,2020-02-01,ILLEGAL GAMBLING,13
WANGAN,2020-02-01,CARNAPPING,13
BARANGAY 32-D,2020-02-01,MURDER,5
MATINA APLAYA,2020-02-01,PHYSICAL INJURY,7
TACUNAN,2020-02-01,DRUG-RELATED,1
BARANGAY 9-A,2020-02-01,PHYSICAL INJURY,13
LAPU-LAPU,2020-02-01,RAPE,22
BARANGAY 23-C,2020-02-01,CARNAPPING,15
BARANGAY 3-A,2020-02-01,MURDER,3
CATALUNAN PEQUENO,2020-02-01,VANDALISM,21
TAMAYONG,2020-02-01,THEFT,9
BARANGAY 22-C,2020-02-01,RAPE,9
TALOMO,2020-02-01,ILLEGAL POSSESSION OF FIREARMS,23
MAGTUOD,2020-02-01,ILLEGAL GAMBLING,10
MINTAL,2020-02-01,MURDER,23
BARANGAY 22-C,2020-02-01,HOMICIDE,11
BARANGAY 23-C,2020-02-01,RAPE,2
WANGAN,2020-02-01,ILLEGAL GAMBLING,3
CATALUNAN GRANDE,2020-02-01,CARNAPPING,18
ALFONSO ANGLIONGTO SR,2020-02-01,MURDER,13
BAGO OSHIRO,2020-02-01,RAPE,3
RIVERSIDE,2020-02-01,ILLEGAL GAMBLING,21
SAN ISIDRO,2020-02-01,ILLEGAL POSSESSION OF FIREARMS,4
BAO JOAQUIN,2020-02-01,HOMICIDE,13
MAA,2020-02-01,RAPE,11
LAMANAN,2020-02-01,ROBBERY,18
BARANGAY 17-B,2020-02-01,BURGLARY,17
CATALUNAN PEQUENO,2020-02-01,THEFT,4
PANALUM,2020-02-01,THEFT,16
SUAWAN,2020-02-01,ILLEGAL POSSESSION OF FIREARMS,12
TACUNAN,2020-02-01,CARNAPPING,22
PAQUIBATO,2020-02-01,CHILD ABUSE,14
BARANGAY 10-A,2020-02-01,RAPE,20
SASA,2020-02-01,CHILD ABUSE,6
BARANGAY 27-C,2020-02-01,CARNAPPING,17
WINES,2020-02-01,CHILD ABUSE,11
MAPI-ILA,2020-02-01,VANDALISM,2
EDEN,2020-02-01,ILLEGAL GAMBLING,22
MULIG,2020-02-01,MURDER,14
74-A MATINA CROSSING,2020-02-01,MURDER,17
BARANGAY 19-B,2020-02-01,CHILD ABUSE,18
BARANGAY 17-B,2020-02-01,ILLEGAL POSSESSION OF FIREARMS,24
BARANGAY 22-C,2020-03-01,CARNAPPING,8
BAGO GALLERA,2020-03-01,DRUG-RELATED,3
GUMALANG,2020-03-01,BURGLARY,14
BARANGAY 23-C,2020-03-01,HOMICIDE,1
BAO ESCUELA,2020-03-01,ILLEGAL GAMBLING,10
CATALUNAN GRANDE,2020-03-01,ILLEGAL GAMBLING,7
BAYABAS,2020-03-01,HOMICIDE,11
ILANG,2020-03-01,ILLEGAL GAMBLING,17
BARANGAY 5-A,2020-03-01,ILLEGAL GAMBLING,10
CENTRO SAN JUAN,2020-03-01,DRUG-RELATED,17
WAAN,2020-03-01,HOMICIDE,12
SAN ISIDRO,2020-03-01,MURDER,23
BARANGAY 3-A,2020-03-01,ILLEGAL GAMBLING,7
BARANGAY 19-B,2020-03-01,ROBBERY,1
BARANGAY 27-C,2020-03-01,ILLEGAL GAMBLING,10
LACSON,2020-03-01,CARNAPPING,17
SUAWAN,2020-03-01,HOMICIDE,9
SASA,2020-03-01,DRUG-RELATED,2
MARAPANGI,2020-03-01,BURGLARY,21
TALOMO RIVER,2020-03-01,ILLEGAL GAMBLING,17
LUBOGAN,2020-03-01,ILLEGAL POSSESSION OF FIREARMS,7
BINUGAO,2020-03-01,CHILD ABUSE,23
DALIAO,2020-03-01,PHYSICAL INJURY,19
DALIAO,2020-03-01,VANDALISM,10
CALINAN,2020-03-01,HOMICIDE,8
40-D BOLTON ISLA,2020-03-01,ROBBERY,10
MAGSAYSAY,2020-03-01,ILLEGAL GAMBLING,9
TAMUGAN,2020-03-01,ROBBERY,24
SAN ISIDRO,2020-03-01,MURDER,11
LOS AMIGOS,2020-03-01,CHILD ABUSE,8
NEW VALENCIA,2020-03-01,ILLEGAL GAMBLING,11
CATALUNAN PEQUENO,2020-03-01,VANDALISM,14
MAGTUOD,2020-03-01,PHYSICAL INJURY,1
VICENTE HIZON,2020-03-01,ILLEGAL POSSESSION OF FIREARMS,21
MINTAL,2020-03-01,PHYSICAL INJURY,9
40-D BOLTON ISLA,2020-03-01,RAPE,12
MAHAYAG,2020-03-01,RAPE,8
RIVERSIDE,2020-03-01,CARNAPPING,3
PANACAN,2020-03-01,MURDER,11
PACIANO BANGOY,2020-03-01,ILLEGAL POSSESSION OF FIREARMS,5
DALIAO,2020-03-01,DRUG-RELATED,19
RIVERSIDE,2020-03-01,DRUG-RELATED,10
MAA,2020-03-01,MURDER,21
BARANGAY 28-C,2020-03-01,ILLEGAL POSSESSION OF FIREARMS,1
TALANDANG,2020-03-01,CHILD ABUSE,6
ALAMBRE,2020-03-01,MURDER,5
GUMITAN,2020-03-01,PHYSICAL INJURY,12
MANDUG,2020-03-01,PHYSICAL INJURY,16
TAMUGAN,2020-03-01,VANDALISM,8
BINUGAO,2020-03-01,PHYSICAL INJURY,5
BARANGAY 2-A,2020-03-01,ILLEGAL GAMBLING,5
ANGALAN,2020-03-01,RAPE,23
CAWAYAN,2020-03-01,BURGLARY,17
ANGALAN,2020-03-01,HOMICIDE,21
TAMBOBONG,2020-03-01,PHYSICAL INJURY,18
MANUEL GUIANGA,2020-03-01,BURGLARY,2
MALABOG,2020-03-01,THEFT,22
WINES,2020-03-01,CHILD ABUSE,3
BARANGAY 37-D,2020-03-01,ILLEGAL GAMBLING,2
CATALUNAN PEQUENO,2020-03-01,RAPE,3
BARANGAY 20-B,2020-03-01,BURGLARY,1
MINTAL,2020-03-01,ILLEGAL GAMBLING,24
MABUHAY,2020-03-01,CHILD ABUSE,5
SALAYSAY,2020-03-01,THEFT,15
ANGALAN,2020-03-01,DRUG-RELATED,21
DUTERTE,2020-03-01,PHYSICAL INJURY,9
TIBULOY,2020-03-01,RAPE,20
TUGBOK,2020-03-01,HOMICIDE,24
PAMPANGA,2020-03-01,BURGLARY,3
MULIG,2020-03-01,ILLEGAL POSSESSION OF FIREARMS,3
PAQUIBATO,2020-04-01,ILLEGAL POSSESSION OF FIREARMS,21
BANTOL,2020-04-01,RAPE,15
TACUNAN,2020-04-01,ROBBERY,3
PAMPANGA,2020-04-01,THEFT,11
BARANGAY 8-A,2020-04-01,MURDER,10
BARANGAY 38-D,2020-04-01,ILLEGAL POSSESSION OF FIREARMS,24
DUMOY,2020-04-01,PHYSICAL INJURY,22
BARANGAY 17-B,2020-04-01,ILLEGAL GAMBLING,22
SIRIB,2020-04-01,BURGLARY,5
PACIANO BANGOY,2020-04-01,ILLEGAL GAMBLING,13
BARANGAY 19-B,2020-04-01,BURGLARY,3
BARANGAY 32-D,2020-04-01,DRUG-RELATED,17
TIBULOY,2020-04-01,MURDER,23
GUMITAN,2020-04-01,RAPE,13
SANTO NINO,2020-04-01,CARNAPPING,15
LAMANAN,2020-04-01,ILLEGAL POSSESSION OF FIREARMS,16
BARANGAY 10-A,2020-04-01,ROBBERY,10
MALABOG,2020-04-01,BURGLARY,8
LUBOGAN,2020-04-01,THEFT,9
PAMPANGA,2020-04-01,ILLEGAL POSSESSION OF FIREARMS,8
PANALUM,2020-04-01,VANDALISM,20
BARANGAY 5-A,2020-04-01,ILLEGAL POSSESSION OF FIREARMS,5
INDANGAN,2020-04-01,ILLEGAL POSSESSION OF FIREARMS,24
BUHANGIN,2020-04-01,ILLEGAL GAMBLING,22
BARANGAY 2-A,2020-04-01,ILLEGAL POSSESSION OF FIREARMS,11
BALENGAENG,2020-04-01,ILLEGAL GAMBLING,17
MANDUG,2020-04-01,DRUG-RELATED,12
LASANG,2020-04-01,HOMICIDE,21
MANUEL GUIANGA,2020-04-01,CHILD ABUSE,21
CATIGAN,2020-04-01,CHILD ABUSE,11
TIBUNGCO,2020-04-01,CHILD ABUSE,17
76-A BUCANA,2020-04-01,DRUG-RELATED,12
LACSON,2020-04-01,ILLEGAL POSSESSION OF FIREARMS,5
LOS AMIGOS,2020-04-01,BURGLARY,17
MINTAL,2020-04-01,VANDALISM,3
LASANG,2020-04-01,THEFT,4
MALAGOS,2020-04-01,MURDER,7
BARANGAY 14-B,2020-04-01,CHILD ABUSE,7
40-D BOLTON ISLA,2020-04-01,BURGLARY,2
MINTAL,2020-04-01,PHYSICAL INJURY,18
BINUGAO,2020-04-01,BURGLARY,14
BAO ESCUELA,2020-04-01,BURGLARY,10
TALANDANG,2020-04-01,CHILD ABUSE,24
76-A BUCANA,2020-04-01,ILLEGAL POSSESSION OF FIREARMS,9
BARANGAY 19-B,2020-04-01,BURGLARY,2
TOMAS MONTEVERDE,2020-04-01,CHILD ABUSE,7
AQUINO,2020-04-01,CARNAPPING,7
FATIMA,2020-04-01,DRUG-RELATED,1
BARANGAY 38-D,2020-04-01,MURDER,17
FATIMA,2020-04-01,ILLEGAL GAMBLING,15
TAMAYONG,2020-04-01,DRUG-RELATED,21
TALANDANG,2020-04-01,MURDER,8
MABUHAY,2020-04-01,ILLEGAL GAMBLING,1
DUTERTE,2020-04-01,HOMICIDE,18
SALAPAWAN,2020-04-01,VANDALISM,1
SALUMAY,2020-04-01,ILLEGAL GAMBLING,24
BARANGAY 38-D,2020-04-01,ROBBERY,2
MALABOG,2020-04-01,MURDER,9
BARANGAY 18-B,2020-04-01,CARNAPPING,23
BARANGAY 2-A,2020-04-01,ROBBERY,2
LIZADA,2020-04-01,BURGLARY,14
BARANGAY 18-B,2020-04-01,DRUG-RELATED,3
TALOMO,2020-04-01,THEFT,9
CALINAN,2020-04-01,THEFT,8
GUMITAN,2020-04-01,MURDER,8
ALFONSO ANGLIONGTO SR,2020-04-01,VANDALISM,2
TUGBOK,2020-04-01,ILLEGAL GAMBLING,5
TAMAYONG,2020-04-01,MURDER,1
LOS AMIGOS,2020-04-01,ILLEGAL GAMBLING,10
PACIANO BANGOY,2020-04-01,ILLEGAL GAMBLING,19
TALANDANG,2020-05-01,ILLEGAL GAMBLING,19
SALUMAY,2020-05-01,CARNAPPING,4
NEW VALENCIA,2020-05-01,CARNAPPING,8
BAGO GALLERA,2020-05-01,RAPE,24
MULIG,2020-05-01,THEFT,1
BARANGAY 23-C,2020-05-01,ROBBERY,9
COMMUNAL,2020-05-01,ILLEGAL GAMBLING,1
MARILOG,2020-05-01,THEFT,5
CABANTIAN,2020-05-01,HOMICIDE,24
TUGBOK,2020-05-01,BURGLARY,4
SALAPAWAN,2020-05-01,PHYSICAL INJURY,14
BARANGAY 3-A,2020-05-01,PHYSICAL INJURY,6
BANTOL,2020-05-01,ROBBERY,8
CATALUNAN PEQUENO,2020-05-01,HOMICIDE,12
MAPI-ILA,2020-05-01,PHYSICAL INJURY,1
BAGO APLAYA,2020-05-01,ILLEGAL GAMBLING,16
SAN ISIDRO,2020-05-01,THEFT,9
TOMAS MONTEVERDE,2020-05-01,ILLEGAL POSSESSION OF FIREARMS,8
BARANGAY 20-B,2020-05-01,ILLEGAL GAMBLING,8
LAPU-LAPU,2020-05-01,DRUG-RELATED,23
GUMITAN,2020-05-01,DRUG-RELATED,12
DALIAO,2020-05-01,HOMICIDE,22
TAMUGAN,2020-05-01,DRUG-RELATED,9
TIBUNGCO,2020-05-01,HOMICIDE,2
SASA,2020-05-01,ROBBERY,2
TUGBOK,2020-05-01,ROBBERY,10
76-A BUCANA,2020-05-01,PHYSICAL INJURY,2
PACIANO BANGOY,2020-05-01,PHYSICAL INJURY,9
TACUNAN,2020-05-01,ILLEGAL POSSESSION OF FIREARMS,3
BARANGAY 5-A,2020-05-01,BURGLARY,15
MINTAL,2020-05-01,THEFT,16
GUMITAN,2020-05-01,THEFT,15
BARANGAY 22-C,2020-05-01,CARNAPPING,2
BANTOL,2020-05-01,THEFT,10
LASANG,2020-05-01,ILLEGAL GAMBLING,12
SALAPAWAN,2020-05-01,BURGLARY,3
40-D BOLTON ISLA,2020-05-01,PHYSICAL INJURY,1
MARILOG,2020-05-01,HOMICIDE,13
PAMPANGA,2020-05-01,CHILD ABUSE,3
MARILOG,2020-05-01,CARNAPPING,11
AQUINO,2020-05-01,RAPE,4
TUNGKALAN,2020-05-01,MURDER,9
SALAYSAY,2020-05-01,DRUG-RELATED,15
BAGO APLAYA,2020-05-01,DRUG-RELATED,1
PAQUIBATO,2020-05-01,THEFT,15
TALOMO,2020-05-01,VANDALISM,23
SAN ANTONIO,2020-05-01,VANDALISM,5
SALUMAY,2020-05-01,ROBBERY,9
ACACIA,2020-05-01,DRUG-RELATED,1
MANUEL GUIANGA,2020-05-01,VANDALISM,6
SANTO NINO,2020-05-01,RAPE,5
MAGTUOD,2020-05-01,THEFT,20
SUBASTA,2020-05-01,THEFT,21
WAAN,2020-05-01,HOMICIDE,8
SALAPAWAN,2020-05-01,THEFT,8
BAGUIO PROPER,2020-05-01,CHILD ABUSE,17
SUAWAN,2020-05-01,CARNAPPING,6
40-D BOLTON ISLA,2020-05-01,DRUG-RELATED,23
SUAWAN,2020-05-01,THEFT,14
ILANG,2020-05-01,CHILD ABUSE,11
SIRIB,2020-05-01,DRUG-RELATED,12
BARANGAY 8-A,2020-05-01,THEFT,11
BAGANIHAN,2020-05-01,ILLEGAL POSSESSION OF FIREARMS,8
TAGURANO,2020-05-01,MURDER,4
MATINA CROSSING,2020-05-01,MURDER,13
DUTERTE,2020-05-01,PHYSICAL INJURY,20
SAN ANTONIO,2020-05-01,CHILD ABUSE,5
BARANGAY 17-B,2020-05-01,ILLEGAL GAMBLING,2
NEW VALENCIA,2020-05-01,CHILD ABUSE,24
TUNGKALAN,2020-05-01,MURDER,16
TIBUNGCO,2020-06-01,PHYSICAL INJURY,13
MAGTUOD,2020-06-01,ROBBERY,15
SANTO NINO,2020-06-01,CHILD ABUSE,4
CAWAYAN,2020-06-01,ILLEGAL GAMBLING,16
MATINA CROSSING,2020-06-01,ILLEGAL POSSESSION OF FIREARMS,20
EDEN,2020-06-01,ROBBERY,22
LASANG,2020-06-01,ILLEGAL POSSESSION OF FIREARMS,4
BARANGAY 22-C,2020-06-01,PHYSICAL INJURY,24
TIGATTO,2020-06-01,VANDALISM,5
BARANGAY 8-A,2020-06-01,VANDALISM,4
BARANGAY 22-C,2020-06-01,DRUG-RELATED,13
SUBASTA,2020-06-01,BURGLARY,10
BAGO APLAYA,2020-06-01,ILLEGAL POSSESSION OF FIREARMS,22
SANTO NINO,2020-06-01,RAPE,20
BARANGAY 22-C,2020-06-01,RAPE,12
TOMAS MONTEVERDE,2020-06-01,CARNAPPING,14
CATALUNAN GRANDE,2020-06-01,ILLEGAL POSSESSION OF FIREARMS,23
CATALUNAN PEQUENO,2020-06-01,ILLEGAL GAMBLING,10
SASA,2020-06-01,ILLEGAL GAMBLING,10
BAGUIO PROPER,2020-06-01,MURDER,22
MAGTUOD,2020-06-01,CARNAPPING,7
TIBULOY,2020-06-01,ROBBERY,11
MATINA APLAYA,2020-06-01,VANDALISM,3
LUBOGAN,2020-06-01,CARNAPPING,4
CATALUNAN PEQUENO,2020-06-01,MURDER,18
TACUNAN,2020-06-01,ILLEGAL GAMBLING,14
BARANGAY 3-A,2020-06-01,DRUG-RELATED,12
MAHAYAG,2020-06-01,ROBBERY,6
SAN ISIDRO,2020-06-01,PHYSICAL INJURY,21
BALENGAENG,2020-06-01,ILLEGAL GAMBLING,7
BARANGAY 11-A,2020-06-01,CHILD ABUSE,15
MINTAL,2020-06-01,HOMICIDE,13
RIVERSIDE,2020-06-01,CARNAPPING,5
PACIANO BANGOY,2020-06-01,ILLEGAL POSSESSION OF FIREARMS,16
CATIGAN,2020-06-01,ROBBERY,15
DUMOY,2020-06-01,THEFT,8
BARANGAY 32-D,2020-06-01,HOMICIDE,9
BARANGAY 11-A,2020-06-01,DRUG-RELATED,15
SALUMAY,2020-06-01,ILLEGAL GAMBLING,12
MINTAL,2020-06-01,ROBBERY,19
DALIAO,2020-06-01,DRUG-RELATED,11
CATALUNAN PEQUENO,2020-06-01,CHILD ABUSE,13
BARANGAY 32-D,2020-06-01,VANDALISM,2
BARANGAY 10-A,2020-06-01,DRUG-RELATED,11
BARANGAY 19-B,2020-06-01,MURDER,18
BAGUIO PROPER,2020-06-01,ILLEGAL GAMBLING,21
BARANGAY 11-A,2020-06-01,CARNAPPING,16
74-A MATINA CROSSING,2020-06-01,VANDALISM,2
CARMEN,2020-06-01,ILLEGAL GAMBLING,22
ULAS,2020-06-01,RAPE,20
PANALUM,2020-06-01,ROBBERY,10
BUDA,2020-06-01,ILLEGAL POSSESSION OF FIREARMS,3
BARANGAY 27-C,2020-06-01,RAPE,20
BARANGAY 5-A,2020-06-01,ILLEGAL POSSESSION OF FIREARMS,21
DUTERTE,2020-06-01,ILLEGAL POSSESSION OF FIREARMS,8
CATALUNAN GRANDE,2020-06-01,BURGLARY,14
LOS AMIGOS,2020-06-01,ILLEGAL POSSESSION OF FIREARMS,6
LIZADA,2020-06-01,RAPE,21
MANUEL GUIANGA,2020-06-01,ROBBERY,21
SALAYSAY,2020-06-01,PHYSICAL INJURY,23
CATIGAN,2020-06-01,CHILD ABUSE,3
ALFONSO ANGLIONGTO SR,2020-06-01,ROBBERY,24
MANDUG,2020-06-01,CARNAPPING,19
BARANGAY 27-C,2020-06-01,RAPE,2
SASA,2020-06-01,CARNAPPING,4
BARANGAY 8-A,2020-06-01,ROBBERY,19
BALENGAENG,2020-06-01,PHYSICAL INJURY,20
BANTOL,2020-06-01,CARNAPPING,22
ULAS,2020-06-01,RAPE,20
SIRIB,2020-06-01,MURDER,14
ACACIA,2020-07-01,DRUG-RELATED,10
BALENGAENG,2020-07-01,ILLEGAL GAMBLING,16
BAYABAS,2020-07-01,ROBBERY,17
SANTO NINO,2020-07-01,ROBBERY,24
PANALUM,2020-07-01,MURDER,18
MAGTUOD,2020-07-01,BURGLARY,5
74-A MATINA CROSSING,2020-07-01,RAPE,24
BARANGAY 10-A,2020-07-01,RAPE,6
SALAYSAY,2020-07-01,VANDALISM,15
INDANGAN,2020-07-01,BURGLARY,8
VICENTE HIZON,2020-07-01,HOMICIDE,7
CATIGAN,2020-07-01,CHILD ABUSE,10
CATALUNAN GRANDE,2020-07-01,ROBBERY,19
WANGAN,2020-07-01,HOMICIDE,13
BARANGAY 8-A,2020-07-01,MURDER,13
DUTERTE,2020-07-01,DRUG-RELATED,22
BARANGAY 28-C,2020-07-01,HOMICIDE,10
BAO ESCUELA,2020-07-01,DRUG-RELATED,17
BARANGAY 19-B,2020-07-01,HOMICIDE,7
BARANGAY 23-C,2020-07-01,ROBBERY,19
40-D BOLTON ISLA,2020-07-01,ROBBERY,5
TAMUGAN,2020-07-01,CARNAPPING,6
BARANGAY 8-A,2020-07-01,RAPE,16
MANUEL GUIANGA,2020-07-01,PHYSICAL INJURY,3
DUTERTE,2020-07-01,DRUG-RELATED,4
SANTO NINO,2020-07-01,BURGLARY,24
LAPU-LAPU,2020-07-01,VANDALISM,9
BARANGAY 2-A,2020-07-01,PHYSICAL INJURY,6
CAWAYAN,2020-07-01,HOMICIDE,24
BARANGAY 22-C,2020-07-01,VANDALISM,15
PANACAN,2020-07-01,VANDALISM,5
TIBUNGCO,2020-07-01,ILLEGAL POSSESSION OF FIREARMS,16
LAPU-LAPU,2020-07-01,VANDALISM,17
BARANGAY 26-C,2020-07-01,PHYSICAL INJURY,7
LUBOGAN,2020-07-01,MURDER,6
BARANGAY 13-B,2020-07-01,CHILD ABUSE,4
BARANGAY 22-C,2020-07-01,RAPE,16
SALAPAWAN,2020-07-01,MURDER,12
BUNAWAN,2020-07-01,ILLEGAL GAMBLING,6
LAPU-LAPU,2020-07-01,CARNAPPING,19
BAGANIHAN,2020-07-01,DRUG-RELATED,13
LACSON,2020-07-01,THEFT,17
BARANGAY 17-B,2020-07-01,HOMICIDE,14
ALAMBRE,2020-07-01,THEFT,20
BALIOK,2020-07-01,HOMICIDE,2
40-D BOLTON ISLA,2020-07-01,CARNAPPING,16
ANGALAN,2020-07-01,RAPE,4
BARANGAY 38-D,2020-07-01,BURGLARY,13
BARANGAY 5-A,2020-07-01,VANDALISM,23
MATINA APLAYA,2020-07-01,MURDER,24
PAMPANGA,2020-07-01,CARNAPPING,5
MANUEL GUIANGA,2020-07-01,BURGLARY,6
CALINAN,2020-07-01,CARNAPPING,22
MULIG,2020-07-01,CARNAPPING,11
MATINA CROSSING,2020-07-01,THEFT,4
LAPU-LAPU,2020-07-01,ROBBERY,23
MANUEL GUIANGA,2020-07-01,CARNAPPING,13
BARANGAY 9-A,2020-07-01,CHILD ABUSE,15
TUNGKALAN,2020-07-01,MURDER,17
MATINA PANGI,2020-07-01,RAPE,11
BARANGAY 19-B,2020-07-01,CARNAPPING,10
TALOMO RIVER,2020-07-01,ROBBERY,11
DUMOY,2020-07-01,ILLEGAL POSSESSION OF FIREARMS,22
BARANGAY 37-D,2020-07-01,VANDALISM,8
TUNGKALAN,2020-07-01,THEFT,8
TALANDANG,2020-07-01,DRUG-RELATED,5
RIVERSIDE,2020-07-01,CARNAPPING,6
CATIGAN,2020-07-01,VANDALISM,14
BANTOL,2020-07-01,BURGLARY,9
TAPAK,2020-07-01,BURGLARY,2
ACACIA,2020-08-01,HOMICIDE,9
BARANGAY 3-A,2020-08-01,MURDER,6
TIBULOY,2020-08-01,THEFT,13
CATALUNAN GRANDE,2020-08-01,PHYSICAL INJURY,20
BARANGAY 5-A,2020-08-01,CARNAPPING,10
TUNGKALAN,2020-08-01,PHYSICAL INJURY,11
BARANGAY 37-D,2020-08-01,ILLEGAL POSSESSION OF FIREARMS,15
TORIL,2020-08-01,CHILD ABUSE,4
MANDUG,2020-08-01,DRUG-RELATED,15
LASANG,2020-08-01,PHYSICAL INJURY,23
BAGUIO PROPER,2020-08-01,RAPE,1
AQUINO,2020-08-01,BURGLARY,18
WAAN,2020-08-01,PHYSICAL INJURY,21
RIVERSIDE,2020-08-01,PHYSICAL INJURY,3
DALIAO,2020-08-01,HOMICIDE,13
BAGO OSHIRO,2020-08-01,ILLEGAL GAMBLING,2
MATINA CROSSING,2020-08-01,ROBBERY,10
BINUGAO,2020-08-01,BURGLARY,24
CABANTIAN,2020-08-01,PHYSICAL INJURY,14
MARAPANGI,2020-08-01,PHYSICAL INJURY,19
SALAYSAY,2020-08-01,PHYSICAL INJURY,3
BARANGAY 13-B,2020-08-01,CARNAPPING,8
NEW VALENCIA,2020-08-01,THEFT,1
BARANGAY 8-A,2020-08-01,THEFT,21
PAQUIBATO,2020-08-01,BURGLARY,1
BAGO OSHIRO,2020-08-01,CHILD ABUSE,12
SAN ISIDRO,2020-08-01,RAPE,20
WINES,2020-08-01,CARNAPPING,8
MAHAYAG,2020-08-01,VANDALISM,9
CARMEN,2020-08-01,DRUG-RELATED,4
PANALUM,2020-08-01,CARNAPPING,24
RIVERSIDE,2020-08-01,DRUG-RELATED,17
TAMBOBONG,2020-08-01,THEFT,2
TUNGKALAN,2020-08-01,ROBBERY,9
AGDAO PROPER,2020-08-01,THEFT,7
TUNGKALAN,2020-08-01,ROBBERY,3
BARANGAY 3-A,2020-08-01,PHYSICAL INJURY,19
TUGBOK,2020-08-01,BURGLARY,15
ACACIA,2020-08-01,CHILD ABUSE,1
BALIOK,2020-08-01,CARNAPPING,6
ILANG,2020-08-01,THEFT,5
BARANGAY 18-B,2020-08-01,CARNAPPING,12
40-D BOLTON ISLA,2020-08-01,VANDALISM,12
BARANGAY 23-C,2020-08-01,VANDALISM,22
WINES,2020-08-01,ROBBERY,18
SUAWAN,2020-08-01,CARNAPPING,20
CABANTIAN,2020-08-01,RAPE,10
BARANGAY 38-D,2020-08-01,HOMICIDE,18
BARANGAY 2-A,2020-08-01,PHYSICAL INJURY,18
BAGUIO PROPER,2020-08-01,CHILD ABUSE,5
LIZADA,2020-08-01,CHILD ABUSE,11
WINES,2020-08-01,CHILD ABUSE,23
MATINA CROSSING,2020-08-01,DRUG-RELATED,13
INDANGAN,2020-08-01,THEFT,19
WINES,2020-08-01,PHYSICAL INJURY,2
SANTO NINO,2020-08-01,PHYSICAL INJURY,15
SAN ANTONIO,2020-08-01,PHYSICAL INJURY,7
CATIGAN,2020-08-01,MURDER,14
LUBOGAN,2020-08-01,HOMICIDE,14
CENTRO SAN JUAN,2020-08-01,VANDALISM,22
AGDAO PROPER,2020-08-01,BURGLARY,17
TORIL,2020-08-01,MURDER,5
BARANGAY 11-A,2020-08-01,ILLEGAL GAMBLING,12
SALOY,2020-08-01,THEFT,5
DUTERTE,2020-08-01,BURGLARY,15
BARANGAY 13-B,2020-08-01,DRUG-RELATED,13
BARANGAY 13-B,2020-08-01,ILLEGAL POSSESSION OF FIREARMS,18
BAO ESCUELA,2020-08-01,CHILD ABUSE,15
LASANG,2020-08-01,CHILD ABUSE,12
TALANDANG,2020-08-01,VANDALISM,15
CATALUNAN GRANDE,2020-09-01,HOMICIDE,22
BARANGAY 9-A,2020-09-01,MURDER,12
SUBASTA,2020-09-01,CARNAPPING,7
TALOMO,2020-09-01,ILLEGAL POSSESSION OF FIREARMS,15
SAN ANTONIO,2020-09-01,CHILD ABUSE,19
PANALUM,2020-09-01,PHYSICAL INJURY,5
BARANGAY 17-B,2020-09-01,PHYSICAL INJURY,10
BALENGAENG,2020-09-01,ROBBERY,21
SUBASTA,2020-09-01,RAPE,16
SALUMAY,2020-09-01,DRUG-RELATED,19
TALOMO RIVER,2020-09-01,BURGLARY,2
GUMITAN,2020-09-01,CARNAPPING,20
CATALUNAN PEQUENO,2020-09-01,DRUG-RELATED,24
LAPU-LAPU,2020-09-01,RAPE,1
CAWAYAN,2020-09-01,ROBBERY,1
PANALUM,2020-09-01,DRUG-RELATED,4
LIZADA,2020-09-01,ROBBERY,16
BAYABAS,2020-09-01,ILLEGAL POSSESSION OF FIREARMS,10
GUMITAN,2020-09-01,PHYSICAL INJURY,23
TACUNAN,2020-09-01,THEFT,10
CARMEN,2020-09-01,DRUG-RELATED,1
BARANGAY 26-C,2020-09-01,VANDALISM,9
TORIL,2020-09-01,CHILD ABUSE,15
ACACIA,2020-09-01,HOMICIDE,21
NEW VALENCIA,2020-09-01,PHYSICAL INJURY,20
TUNGKALAN,2020-09-01,MURDER,7
CAWAYAN,2020-09-01,VANDALISM,22
SALUMAY,2020-09-01,RAPE,22
TALOMO RIVER,2020-09-01,BURGLARY,10
MANUEL GUIANGA,2020-09-01,THEFT,23
MARILOG,2020-09-01,THEFT,1
CAWAYAN,2020-09-01,ILLEGAL GAMBLING,2
74-A MATINA CROSSING,2020-09-01,BURGLARY,20
SUBASTA,2020-09-01,ILLEGAL POSSESSION OF FIREARMS,15
ALFONSO ANGLIONGTO SR,2020-09-01,CHILD ABUSE,11
CALINAN,2020-09-01,ILLEGAL GAMBLING,23
NEW VALENCIA,2020-09-01,DRUG-RELATED,20
SUAWAN,2020-09-01,VANDALISM,19
DUTERTE,2020-09-01,CHILD ABUSE,1
MARAPANGI,2020-09-01,CHILD ABUSE,8
BARANGAY 17-B,2020-09-01,CHILD ABUSE,14
TORIL,2020-09-01,ROBBERY,3
LUBOGAN,2020-09-01,PHYSICAL INJURY,15
TACUNAN,2020-09-01,ROBBERY,22
BARANGAY 10-A,2020-09-01,ROBBERY,2
BARANGAY 3-A,2020-09-01,DRUG-RELATED,15
SANTO NINO,2020-09-01,MURDER,20
BARANGAY 10-A,2020-09-01,ILLEGAL POSSESSION OF FIREARMS,8
BARANGAY 27-C,2020-09-01,BURGLARY,18
RIVERSIDE,2020-09-01,ILLEGAL POSSESSION OF FIREARMS,8
TUNGKALAN,2020-09-01,HOMICIDE,21
BALENGAENG,2020-09-01,ILLEGAL POSSESSION OF FIREARMS,1
74-A MATINA CROSSING,2020-09-01,ILLEGAL POSSESSION OF FIREARMS,8
TAMAYONG,2020-09-01,THEFT,3
BARANGAY 10-A,2020-09-01,ILLEGAL GAMBLING,16
BARANGAY 14-B,2020-09-01,BURGLARY,20
TIBULOY,2020-09-01,CARNAPPING,20
ULAS,2020-09-01,HOMICIDE,4
TIGATTO,2020-09-01,ROBBERY,13
MALABOG,2020-09-01,HOMICIDE,7
LUBOGAN,2020-09-01,THEFT,10
BAGO GALLERA,2020-09-01,VANDALISM,23
ULAS,2020-09-01,RAPE,16
SALOY,2020-09-01,RAPE,21
AQUINO,2020-09-01,BURGLARY,17
MANUEL GUIANGA,2020-09-01,MURDER,19
DUMOY,2020-09-01,BURGLARY,17
BARANGAY 17-B,2020-09-01,PHYSICAL INJURY,17
EDEN,2020-09-01,PHYSICAL INJURY,15
CATALUNAN GRANDE,2020-09-01,ILLEGAL GAMBLING,12
FATIMA,2020-10-01,BURGLARY,24
SALUMAY,2020-10-01,ILLEGAL POSSESSION OF FIREARMS,23
MAGSAYSAY,2020-10-01,RAPE,15
COMMUNAL,2020-10-01,ILLEGAL POSSESSION OF FIREARMS,23
BARANGAY 22-C,2020-10-01,THEFT,20
SAN ANTONIO,2020-10-01,MURDER,21
ANGALAN,2020-10-01,HOMICIDE,13
MAPI-ILA,2020-10-01,MURDER,1
FATIMA,2020-10-01,PHYSICAL INJURY,24
TUNGKALAN,2020-10-01,MURDER,23
WANGAN,2020-10-01,THEFT,22
VICENTE HIZON,2020-10-01,CHILD ABUSE,22
SAN ANTONIO,2020-10-01,ILLEGAL POSSESSION OF FIREARMS,8
TALOMO RIVER,2020-10-01,CHILD ABUSE,14
SANTO NINO,2020-10-01,CHILD ABUSE,22
BALENGAENG,2020-10-01,HOMICIDE,22
BARANGAY 2-A,2020-10-01,VANDALISM,24
WINES,2020-10-01,DRUG-RELATED,5
TALANDANG,2020-10-01,DRUG-RELATED,17
BAYABAS,2020-10-01,MURDER,23
LUBOGAN,2020-10-01,CHILD ABUSE,7
MATINA PANGI,2020-10-01,BURGLARY,6
TIBUNGCO,2020-10-01,MURDER,4
BARANGAY 32-D,2020-10-01,DRUG-RELATED,3
AGDAO PROPER,2020-10-01,PHYSICAL INJURY,8
WINES,2020-10-01,MURDER,13
SUBASTA,2020-10-01,RAPE,1
BARANGAY 28-C,2020-10-01,ILLEGAL POSSESSION OF FIREARMS,20
BAO ESCUELA,2020-10-01,MURDER,15
40-D BOLTON ISLA,2020-10-01,HOMICIDE,16
CENTRO SAN JUAN,2020-10-01,DRUG-RELATED,23
MAA,2020-10-01,MURDER,22
BARANGAY 23-C,2020-10-01,ILLEGAL POSSESSION OF FIREARMS,2
BARANGAY 28-C,2020-10-01,BURGLARY,2
BUNAWAN,2020-10-01,PHYSICAL INJURY,20
SANTO NINO,2020-10-01,RAPE,19
MAPI-ILA,2020-10-01,PHYSICAL INJURY,20
TUGBOK,2020-10-01,ILLEGAL GAMBLING,24
BUHANGIN,2020-10-01,HOMICIDE,23
BARANGAY 27-C,2020-10-01,CARNAPPING,18
BARANGAY 11-A,2020-10-01,THEFT,8
CATALUNAN GRANDE,2020-10-01,DRUG-RELATED,23
BAGO APLAYA,2020-10-01,PHYSICAL INJURY,2
MARILOG,2020-10-01,BURGLARY,24
BARANGAY 26-C,2020-10-01,VANDALISM,11
BAYABAS,2020-10-01,ILLEGAL POSSESSION OF FIREARMS,2
MAHAYAG,2020-10-01,CARNAPPING,9
SANTO NINO,2020-10-01,BURGLARY,18
BARANGAY 20-B,2020-10-01,MURDER,22
BANTOL,2020-10-01,BURGLARY,2
MANUEL GUIANGA,2020-10-01,THEFT,20
BARANGAY 38-D,2020-10-01,CARNAPPING,16
40-D BOLTON ISLA,2020-10-01,PHYSICAL INJURY,4
CATIGAN,2020-10-01,PHYSICAL INJURY,2
MAHAYAG,2020-10-01,CHILD ABUSE,13
PAMPANGA,2020-10-01,ROBBERY,5
TOMAS MONTEVERDE,2020-10-01,VANDALISM,12
TAPAK,2020-10-01,THEFT,9
LACSON,2020-10-01,CHILD ABUSE,18
MINTAL,2020-10-01,BURGLARY,3
BARANGAY 8-A,2020-10-01,RAPE,4
TORIL,2020-10-01,BURGLARY,12
LIZADA,2020-10-01,DRUG-RELATED,21
BAGO OSHIRO,2020-10-01,BURGLARY,4
LOS AMIGOS,2020-10-01,PHYSICAL INJURY,6
LOS AMIGOS,2020-10-01,ILLEGAL POSSESSION OF FIREARMS,22
TALOMO,2020-10-01,ILLEGAL POSSESSION OF FIREARMS,3
GUMALANG,2020-10-01,CHILD ABUSE,4
BARANGAY 23-C,2020-10-01,ROBBERY,7
BAGO APLAYA,2020-10-01,CHILD ABUSE,20
ALAMBRE,2020-11-01,CHILD ABUSE,16
LIZADA,2020-11-01,VANDALISM,6
SANTO NINO,2020-11-01,BURGLARY,2
RIVERSIDE,2020-11-01,DRUG-RELATED,9
MANDUG,2020-11-01,MURDER,14
CAWAYAN,2020-11-01,BURGLARY,13
PAMPANGA,2020-11-01,MURDER,17
SAN ISIDRO,2020-11-01,ILLEGAL GAMBLING,24
BARANGAY 2-A,2020-11-01,PHYSICAL INJURY,9
SUAWAN,2020-11-01,RAPE,4
WINES,2020-11-01,HOMICIDE,11
MAPI-ILA,2020-11-01,ILLEGAL GAMBLING,5
BARANGAY 14-B,2020-11-01,MURDER,17
MANUEL GUIANGA,2020-11-01,THEFT,10
TAGURANO,2020-11-01,ROBBERY,1
PANALUM,2020-11-01,CHILD ABUSE,12
BARANGAY 13-B,2020-11-01,RAPE,8
MALAGOS,2020-11-01,MURDER,22
BARANGAY 3-A,2020-11-01,RAPE,16
BARANGAY 8-A,2020-11-01,PHYSICAL INJURY,4
BARANGAY 17-B,2020-11-01,CHILD ABUSE,14
ALFONSO ANGLIONGTO SR,2020-11-01,HOMICIDE,19
TACUNAN,2020-11-01,CHILD ABUSE,16
ALAMBRE,2020-11-01,BURGLARY,8
BARANGAY 20-B,2020-11-01,VANDALISM,10
TACUNAN,2020-11-01,VANDALISM,17
FATIMA,2020-11-01,PHYSICAL INJURY,9
CATIGAN,2020-11-01,ILLEGAL GAMBLING,18
CARMEN,2020-11-01,MURDER,20
BARANGAY 32-D,2020-11-01,MURDER,21
BARANGAY 19-B,2020-11-01,RAPE,3
BALIOK,2020-11-01,VANDALISM,8
SUAWAN,2020-11-01,HOMICIDE,13
DALIAO,2020-11-01,ILLEGAL POSSESSION OF FIREARMS,3
CAWAYAN,2020-11-01,DRUG-RELATED,16
CARMEN,2020-11-01,THEFT,19
CATIGAN,2020-11-01,THEFT,24
74-A MATINA CROSSING,2020-11-01,ILLEGAL POSSESSION OF FIREARMS,5
TAMAYONG,2020-11-01,CARNAPPING,22
TACUNAN,2020-11-01,RAPE,6
MAGTUOD,2020-11-01,THEFT,19
LAPU-LAPU,2020-11-01,CHILD ABUSE,22
BARANGAY 10-A,2020-11-01,CARNAPPING,1
MATINA APLAYA,2020-11-01,THEFT,5
MAHAYAG,2020-11-01,ILLEGAL POSSESSION OF FIREARMS,24
DUTERTE,2020-11-01,ROBBERY,8
PANALUM,2020-11-01,CHILD ABUSE,22
DALIAO,2020-11-01,CARNAPPING,2
BARANGAY 18-B,2020-11-01,BURGLARY,8
LASANG,2020-11-01,VANDALISM,11
TAMAYONG,2020-11-01,RAPE,12
TAPAK,2020-11-01,CARNAPPING,4
BUDA,2020-11-01,HOMICIDE,17
BAGUIO PROPER,2020-11-01,CARNAPPING,17
LACSON,2020-11-01,HOMICIDE,1
WANGAN,2020-11-01,RAPE,2
BANTOL,2020-11-01,DRUG-RELATED,22
40-D BOLTON ISLA,2020-11-01,BURGLARY,13
MALAGOS,2020-11-01,ILLEGAL GAMBLING,12
DUMOY,2020-11-01,RAPE,18
SASA,2020-11-01,PHYSICAL INJURY,15
BARANGAY 9-A,2020-11-01,VANDALISM,5
BARANGAY 37-D,2020-11-01,MURDER,24
ANGALAN,2020-11-01,PHYSICAL INJURY,20
BAGO GALLERA,2020-11-01,CHILD ABUSE,8
COMMUNAL,2020-11-01,RAPE,20
TUNGKALAN,2020-11-01,CARNAPPING,9
BARANGAY 38-D,2020-11-01,ROBBERY,1
MAGTUOD,2020-11-01,BURGLARY,3
TAPAK,2020-11-01,HOMICIDE,19
SUBASTA,2020-12-01,RAPE,9
BAYABAS,2020-12-01,RAPE,16
MAA,2020-12-01,CHILD ABUSE,22
MARAPANGI,2020-12-01,MURDER,20
BAGO GALLERA,2020-12-01,RAPE,2
LASANG,2020-12-01,CARNAPPING,24
MALAGOS,2020-12-01,THEFT,19
RIVERSIDE,2020-12-01,HOMICIDE,18
TAGURANO,2020-12-01,ROBBERY,6
SANTO NINO,2020-12-01,PHYSICAL INJURY,8
BAGO GALLERA,2020-12-01,PHYSICAL INJURY,2
CAWAYAN,2020-12-01,CARNAPPING,23
BARANGAY 37-D,2020-12-01,ROBBERY,18
SIRIB,2020-12-01,ILLEGAL GAMBLING,22
MALAGOS,2020-12-01,CARNAPPING,13
BALENGAENG,2020-12-01,CARNAPPING,4
SAN ANTONIO,2020-12-01,MURDER,3
MAHAYAG,2020-12-01,HOMICIDE,12
BARANGAY 13-B,2020-12-01,DRUG-RELATED,7
40-D BOLTON ISLA,2020-12-01,BURGLARY,3
CABANTIAN,2020-12-01,VANDALISM,22
CENTRO SAN JUAN,2020-12-01,HOMICIDE,9
RIVERSIDE,2020-12-01,BURGLARY,3
BAYABAS,2020-12-01,CARNAPPING,6
TAGURANO,2020-12-01,ROBBERY,3
BAGUIO PROPER,2020-12-01,THEFT,3
LASANG,2020-12-01,RAPE,7
CATALUNAN PEQUENO,2020-12-01,ILLEGAL POSSESSION OF FIREARMS,13
COMMUNAL,2020-12-01,CARNAPPING,20
TAMBOBONG,2020-12-01,THEFT,24
BAGANIHAN,2020-12-01,DRUG-RELATED,20
BANTOL,2020-12-01,RAPE,12
BAGO APLAYA,2020-12-01,ILLEGAL GAMBLING,23
TIGATTO,2020-12-01,BURGLARY,22
SIRIB,2020-12-01,RAPE,18
TOMAS MONTEVERDE,2020-12-01,CARNAPPING,16
PAQUIBATO,2020-12-01,CARNAPPING,4
TACUNAN,2020-12-01,ILLEGAL POSSESSION OF FIREARMS,19
BAYABAS,2020-12-01,ILLEGAL GAMBLING,12
PANACAN,2020-12-01,MURDER,20
MAGTUOD,2020-12-01,HOMICIDE,21
VICENTE HIZON,2020-12-01,HOMICIDE,19
TIBULOY,2020-12-01,ILLEGAL GAMBLING,15
TALANDANG,2020-12-01,CARNAPPING,21
VICENTE HIZON,2020-12-01,ROBBERY,7
BARANGAY 28-C,2020-12-01,MURDER,9
BARANGAY 28-C,2020-12-01,RAPE,17
DUMOY,2020-12-01,MURDER,16
WINES,2020-12-01,VANDALISM,17
BARANGAY 28-C,2020-12-01,ROBBERY,3
PANACAN,2020-12-01,MURDER,22
MATINA CROSSING,2020-12-01,THEFT,20
MATINA PANGI,2020-12-01,HOMICIDE,4
MATINA CROSSING,2020-12-01,CHILD ABUSE,21
ALFONSO ANGLIONGTO SR,2020-12-01,CHILD ABUSE,22
MATINA PANGI,2020-12-01,ROBBERY,10
LIZADA,2020-12-01,THEFT,7
BARANGAY 38-D,2020-12-01,RAPE,10
AQUINO,2020-12-01,BURGLARY,5
BARANGAY 39-D,2020-12-01,ILLEGAL POSSESSION OF FIREARMS,10
MANUEL GUIANGA,2020-12-01,ILLEGAL POSSESSION OF FIREARMS,20
CATALUNAN PEQUENO,2020-12-01,THEFT,11
GUMALANG,2020-12-01,DRUG-RELATED,8
CALINAN,2020-12-01,ROBBERY,24
BARANGAY 26-C,2020-12-01,VANDALISM,23
MAGTUOD,2020-12-01,THEFT,16
BARANGAY 3-A,2020-12-01,DRUG-RELATED,6
TACUNAN,2020-12-01,CHILD ABUSE,6
SUBASTA,2020-12-01,RAPE,10
MATINA PANGI,2020-12-01,DRUG-RELATED,5
BARANGAY 26-C,2021-01-01,ILLEGAL POSSESSION OF FIREARMS,9
BARANGAY 9-A,2021-01-01,THEFT,12
PANACAN,2021-01-01,VANDALISM,11
BARANGAY 8-A,2021-01-01,ILLEGAL POSSESSION OF FIREARMS,24
INDANGAN,2021-01-01,VANDALISM,11
BINUGAO,2021-01-01,ROBBERY,2
LIZADA,2021-01-01,MURDER,10
SUBASTA,2021-01-01,ROBBERY,20
BAO ESCUELA,2021-01-01,HOMICIDE,17
MATINA CROSSING,2021-01-01,ROBBERY,14
TIGATTO,2021-01-01,THEFT,23
BARANGAY 9-A,2021-01-01,HOMICIDE,9
76-A BUCANA,2021-01-01,MURDER,21
TORIL,2021-01-01,ILLEGAL GAMBLING,10
SALAPAWAN,2021-01-01,HOMICIDE,17
BARANGAY 23-C,2021-01-01,MURDER,17
MARILOG,2021-01-01,RAPE,1
PACIANO BANGOY,2021-01-01,CARNAPPING,3
TOMAS MONTEVERDE,2021-01-01,ROBBERY,22
BARANGAY 9-A,2021-01-01,BURGLARY,12
74-A MATINA CROSSING,2021-01-01,ILLEGAL POSSESSION OF FIREARMS,16
EDEN,2021-01-01,MURDER,17
LAPU-LAPU,2021-01-01,THEFT,19
SAN ANTONIO,2021-01-01,BURGLARY,21
CATIGAN,2021-01-01,HOMICIDE,9
BAGO APLAYA,2021-01-01,MURDER,11
BUHANGIN,2021-01-01,MURDER,2
CENTRO SAN JUAN,2021-01-01,ROBBERY,10
MALABOG,2021-01-01,MURDER,11
BARANGAY 27-C,2021-01-01,BURGLARY,5
BARANGAY 13-B,2021-01-01,MURDER,7
MAGSAYSAY,2021-01-01,CARNAPPING,2
WINES,2021-01-01,THEFT,20
TOMAS MONTEVERDE,2021-01-01,THEFT,4
BALENGAENG,2021-01-01,RAPE,6
40-D BOLTON ISLA,2021-01-01,DRUG-RELATED,5
CENTRO SAN JUAN,2021-01-01,THEFT,7
SAN ANTONIO,2021-01-01,PHYSICAL INJURY,12
ULAS,2021-01-01,CARNAPPING,15
MATINA APLAYA,2021-01-01,VANDALISM,21
BARANGAY 32-D,2021-01-01,BURGLARY,5
SIRIB,2021-01-01,DRUG-RELATED,19
BUHANGIN,2021-01-01,THEFT,11
BUHANGIN,2021-01-01,ROBBERY,19
BAGO APLAYA,2021-01-01,THEFT,1
ANGALAN,2021-01-01,CARNAPPING,8
SALOY,2021-01-01,CHILD ABUSE,14
BARANGAY 38-D,2021-01-01,CARNAPPING,5
LACSON,2021-01-01,VANDALISM,20
BAGANIHAN,2021-01-01,ILLEGAL POSSESSION OF FIREARMS,18
MAPI-ILA,2021-01-01,RAPE,11
MULIG,2021-01-01,HOMICIDE,1
SALAYSAY,2021-01-01,RAPE,18
ILANG,2021-01-01,MURDER,16
LAMANAN,2021-01-01,VANDALISM,2
BARANGAY 5-A,2021-01-01,HOMICIDE,17
DUTERTE,2021-01-01,VANDALISM,19
SUBASTA,2021-01-01,CHILD ABUSE,20
MAGTUOD,2021-01-01,CARNAPPING,13
MABUHAY,2021-01-01,MURDER,18
SIRIB,2021-01-01,CARNAPPING,20
MALAGOS,2021-01-01,ROBBERY,22
CALINAN,2021-01-01,THEFT,24
TUGBOK,2021-01-01,DRUG-RELATED,13
TUGBOK,2021-01-01,ROBBERY,1
LUBOGAN,2021-01-01,HOMICIDE,10
SIRIB,2021-01-01,PHYSICAL INJURY,23
BARANGAY 9-A,2021-01-01,ILLEGAL POSSESSION OF FIREARMS,16
PAMPANGA,2021-01-01,HOMICIDE,10
TALANDANG,2021-01-01,THEFT,7
BAO JOAQUIN,2021-02-01,BURGLARY,14
MATINA PANGI,2021-02-01,ILLEGAL POSSESSION OF FIREARMS,17
MABUHAY,2021-02-01,ILLEGAL GAMBLING,8
MAGSAYSAY,2021-02-01,HOMICIDE,5
TORIL,2021-02-01,ROBBERY,6
SUBASTA,2021-02-01,ROBBERY,11
BARANGAY 19-B,2021-02-01,MURDER,3
BARANGAY 10-A,2021-02-01,HOMICIDE,8
CARMEN,2021-02-01,ILLEGAL GAMBLING,19
PANALUM,2021-02-01,THEFT,2
DUTERTE,2021-02-01,ILLEGAL POSSESSION OF FIREARMS,15
TOMAS MONTEVERDE,2021-02-01,THEFT,9
SIRIB,2021-02-01,THEFT,10
BANTOL,2021-02-01,ROBBERY,16
LAMANAN,2021-02-01,RAPE,17
ACACIA,2021-02-01,DRUG-RELATED,9
DUTERTE,2021-02-01,PHYSICAL INJURY,20
CAWAYAN,2021-02-01,MURDER,18
GUMALANG,2021-02-01,MURDER,17
SASA,2021-02-01,MURDER,22
MALAGOS,2021-02-01,VANDALISM,16
CATALUNAN PEQUENO,2021-02-01,THEFT,8
BARANGAY 10-A,2021-02-01,ROBBERY,4
BARANGAY 14-B,2021-02-01,THEFT,19
BAGO APLAYA,2021-02-01,CHILD ABUSE,6
TAPAK,2021-02-01,BURGLARY,23
BARANGAY 23-C,2021-02-01,RAPE,21
TORIL,2021-02-01,CHILD ABUSE,19
BARANGAY 19-B,2021-02-01,ILLEGAL GAMBLING,13
TAGURANO,2021-02-01,CARNAPPING,10
TAPAK,2021-02-01,ILLEGAL POSSESSION OF FIREARMS,24
BARANGAY 19-B,2021-02-01,BURGLARY,7
BAYABAS,2021-02-01,THEFT,3
LOS AMIGOS,2021-02-01,BURGLARY,15
SALAPAWAN,2021-02-01,DRUG-RELATED,7
ULAS,2021-02-01,RAPE,12
BARANGAY 26-C,2021-02-01,BURGLARY,4
BARANGAY 14-B,2021-02-01,VANDALISM,17
SALOY,2021-02-01,MURDER,21
FATIMA,2021-02-01,DRUG-RELATED,24
BAGANIHAN,2021-02-01,RAPE,6
BARANGAY 14-B,2021-02-01,MURDER,8
BARANGAY 14-B,2021-02-01,RAPE,3
ILANG,2021-02-01,MURDER,15
WANGAN,2021-02-01,VANDALISM,15
MARILOG,2021-02-01,CHILD ABUSE,15
TACUNAN,2021-02-01,DRUG-RELATED,4
MATINA CROSSING,2021-02-01,CHILD ABUSE,10
TOMAS MONTEVERDE,2021-02-01,ILLEGAL GAMBLING,10
LAMANAN,2021-02-01,CHILD ABUSE,8
MABUHAY,2021-02-01,ROBBERY,14
BARANGAY 13-B,2021-02-01,ROBBERY,4
SALUMAY,2021-02-01,DRUG-RELATED,14
MATINA CROSSING,2021-02-01,DRUG-RELATED,18
BARANGAY 13-B,2021-02-01,RAPE,21
TAMAYONG,2021-02-01,ILLEGAL POSSESSION OF FIREARMS,2
BARANGAY 26-C,2021-02-01,DRUG-RELATED,2
MALAGOS,2021-02-01,VANDALISM,23
TAGURANO,2021-02-01,PHYSICAL INJURY,22
AGDAO PROPER,2021-02-01,BURGLARY,9
BARANGAY 27-C,2021-02-01,PHYSICAL INJURY,18
SALOY,2021-02-01,HOMICIDE,13
TAMBOBONG,2021-02-01,VANDALISM,19
BAGUIO PROPER,2021-02-01,CARNAPPING,5
TAMUGAN,2021-02-01,CHILD ABUSE,15
PAMPANGA,2021-02-01,ILLEGAL POSSESSION OF FIREARMS,19
SAN ISIDRO,2021-02-01,DRUG-RELATED,2
TAPAK,2021-02-01,CHILD ABUSE,16
DUTERTE,2021-02-01,CHILD ABUSE,3
BARANGAY 27-C,2021-02-01,ILLEGAL GAMBLING,12
TOMAS MONTEVERDE,2021-03-01,ILLEGAL POSSESSION OF FIREARMS,2
DUMOY,2021-03-01,CARNAPPING,8
DUMOY,2021-03-01,VANDALISM,23
TIBULOY,2021-03-01,BURGLARY,5
BARANGAY 18-B,2021-03-01,CARNAPPING,5
SALAPAWAN,2021-03-01,BURGLARY,15
MULIG,2021-03-01,MURDER,5
SAN ISIDRO,2021-03-01,HOMICIDE,23
MANUEL GUIANGA,2021-03-01,ROBBERY,10
PANALUM,2021-03-01,HOMICIDE,3
SUBASTA,2021-03-01,CARNAPPING,24
MINTAL,2021-03-01,PHYSICAL INJURY,4
TALANDANG,2021-03-01,HOMICIDE,12
CALINAN,2021-03-01,ILLEGAL GAMBLING,23
BARANGAY 32-D,2021-03-01,CHILD ABUSE,20
TORIL,2021-03-01,THEFT,7
BARANGAY 32-D,2021-03-01,HOMICIDE,24
TAGURANO,2021-03-01,ILLEGAL GAMBLING,2
MALAGOS,2021-03-01,CHILD ABUSE,10
BARANGAY 8-A,2021-03-01,DRUG-RELATED,23
BARANGAY 38-D,2021-03-01,ILLEGAL POSSESSION OF FIREARMS,2
BARANGAY 3-A,2021-03-01,RAPE,4
BARANGAY 17-B,2021-03-01,MURDER,6
SUAWAN,2021-03-01,RAPE,22
TAMAYONG,2021-03-01,ILLEGAL POSSESSION OF FIREARMS,11
TORIL,2021-03-01,MURDER,21
SUBASTA,2021-03-01,CARNAPPING,1
MATINA PANGI,2021-03-01,THEFT,8
TUNGKALAN,2021-03-01,VANDALISM,6
BUNAWAN,2021-03-01,VANDALISM,2
AQUINO,2021-03-01,HOMICIDE,19
TAMBOBONG,2021-03-01,THEFT,24
SALOY,2021-03-01,THEFT,2
SALUMAY,2021-03-01,HOMICIDE,13
EDEN,2021-03-01,VANDALISM,23
MAHAYAG,2021-03-01,MURDER,5
TALOMO,2021-03-01,RAPE,1
TAMAYONG,2021-03-01,RAPE,13
TALANDANG,2021-03-01,ILLEGAL POSSESSION OF FIREARMS,16
BARANGAY 17-B,2021-03-01,ILLEGAL POSSESSION OF FIREARMS,5
BARANGAY 22-C,2021-03-01,VANDALISM,10
BARANGAY 14-B,2021-03-01,VANDALISM,15
SASA,2021-03-01,PHYSICAL INJURY,11
MABUHAY,2021-03-01,ILLEGAL GAMBLING,23
LASANG,2021-03-01,BURGLARY,22
NEW VALENCIA,2021-03-01,HOMICIDE,18
BARANGAY 27-C,2021-03-01,VANDALISM,20
CALINAN,2021-03-01,ILLEGAL POSSESSION OF FIREARMS,2
BARANGAY 18-B,2021-03-01,DRUG-RELATED,5
BARANGAY 14-B,2021-03-01,CHILD ABUSE,22
CARMEN,2021-03-01,ILLEGAL POSSESSION OF FIREARMS,4
MAPI-ILA,2021-03-01,MURDER,5
SAN ANTONIO,2021-03-01,VANDALISM,24
PAQUIBATO,2021-03-01,ILLEGAL GAMBLING,3
MATINA CROSSING,2021-03-01,RAPE,21
ANGALAN,2021-03-01,MURDER,8
BAGANIHAN,2021-03-01,ILLEGAL GAMBLING,19
MATINA CROSSING,2021-03-01,HOMICIDE,6
BARANGAY 39-D,2021-03-01,BURGLARY,4
PAMPANGA,2021-03-01,HOMICIDE,5
BARANGAY 23-C,2021-03-01,RAPE,18
BARANGAY 22-C,2021-03-01,BURGLARY,24
TIBULOY,2021-03-01,DRUG-RELATED,23
BUDA,2021-03-01,CARNAPPING,11
BINUGAO,2021-03-01,ROBBERY,14
TALOMO RIVER,2021-03-01,DRUG-RELATED,1
SALAPAWAN,2021-03-01,BURGLARY,14
CATALUNAN GRANDE,2021-03-01,MURDER,24
FATIMA,2021-03-01,DRUG-RELATED,3
GUMALANG,2021-03-01,ILLEGAL GAMBLING,12
PANALUM,2021-04-01,MURDER,3
ALFONSO ANGLIONGTO SR,2021-04-01,HOMICIDE,17
BARANGAY 14-B,2021-04-01,ILLEGAL POSSESSION OF FIREARMS,8
TALOMO RIVER,2021-04-01,BURGLARY,20
MANDUG,2021-04-01,DRUG-RELATED,8
BARANGAY 20-B,2021-04-01,ILLEGAL POSSESSION OF FIREARMS,21
CENTRO SAN JUAN,2021-04-01,DRUG-RELATED,10
CATALUNAN GRANDE,2021-04-01,VANDALISM,16
40-D BOLTON ISLA,2021-04-01,RAPE,6
BARANGAY 28-C,2021-04-01,DRUG-RELATED,2
MALABOG,2021-04-01,RAPE,6
SUAWAN,2021-04-01,CHILD ABUSE,21
SASA,2021-04-01,DRUG-RELATED,5
ALFONSO ANGLIONGTO SR,2021-04-01,PHYSICAL INJURY,23
BAGO OSHIRO,2021-04-01,RAPE,12
ALAMBRE,2021-04-01,ROBBERY,15
CABANTIAN,2021-04-01,ROBBERY,23
CARMEN,2021-04-01,VANDALISM,3
BARANGAY 17-B,2021-04-01,PHYSICAL INJURY,9
BAO JOAQUIN,2021-04-01,BURGLARY,23
40-D BOLTON ISLA,2021-04-01,HOMICIDE,21
TOMAS MONTEVERDE,2021-04-01,DRUG-RELATED,5
BARANGAY 26-C,2021-04-01,THEFT,21
LIZADA,2021-04-01,HOMICIDE,22
CABANTIAN,2021-04-01,CHILD ABUSE,10
AGDAO PROPER,2021-04-01,CHILD ABUSE,21
TALANDANG,2021-04-01,PHYSICAL INJURY,8
MAHAYAG,2021-04-01,HOMICIDE,19
SALAPAWAN,2021-04-01,PHYSICAL INJURY,6
BAYABAS,2021-04-01,ILLEGAL GAMBLING,21
MAPI-ILA,2021-04-01,THEFT,19
TAGURANO,2021-04-01,BURGLARY,22
74-A MATINA CROSSING,2021-04-01,THEFT,7
BAGUIO PROPER,2021-04-01,BURGLARY,16
MARAPANGI,2021-04-01,CHILD ABUSE,2
TACUNAN,2021-04-01,THEFT,10
BARANGAY 10-A,2021-04-01,ROBBERY,23
CARMEN,2021-04-01,PHYSICAL INJURY,5
VICENTE HIZON,2021-04-01,DRUG-RELATED,6
BARANGAY 19-B,2021-04-01,THEFT,16
MANUEL GUIANGA,2021-04-01,DRUG-RELATED,16
SUAWAN,2021-04-01,DRUG-RELATED,6
MANUEL GUIANGA,2021-04-01,VANDALISM,4
FATIMA,2021-04-01,ILLEGAL GAMBLING,22
BARANGAY 8-A,2021-04-01,ILLEGAL GAMBLING,14
SALUMAY,2021-04-01,DRUG-RELATED,17
BINUGAO,2021-04-01,CHILD ABUSE,8
BAYABAS,2021-04-01,VANDALISM,4
BALENGAENG,2021-04-01,RAPE,11
BARANGAY 26-C,2021-04-01,DRUG-RELATED,18
BARANGAY 8-A,2021-04-01,CHILD ABUSE,4
BARANGAY 5-A,2021-04-01,CHILD ABUSE,3
ALAMBRE,2021-04-01,THEFT,20
SALAPAWAN,2021-04-01,RAPE,3
MAPI-ILA,2021-04-01,RAPE,14
BARANGAY 11-A,2021-04-01,CHILD ABUSE,7
BAGO APLAYA,2021-04-01,DRUG-RELATED,13
FATIMA,2021-04-01,CHILD ABUSE,23
TIBUNGCO,2021-04-01,ILLEGAL GAMBLING,24
MALAGOS,2021-04-01,CHILD ABUSE,11
MAA,2021-04-01,BURGLARY,15
SUBASTA,2021-04-01,RAPE,2
MULIG,2021-04-01,CARNAPPING,10
BARANGAY 32-D,2021-04-01,THEFT,22
BAGANIHAN,2021-04-01,RAPE,6
PAMPANGA,2021-04-01,HOMICIDE,1
INDANGAN,2021-04-01,THEFT,1
SAN ISIDRO,2021-04-01,CARNAPPING,15
TOMAS MONTEVERDE,2021-04-01,THEFT,17
BUNAWAN,2021-04-01,CARNAPPING,11
BUDA,2021-05-01,RAPE,11
74-A MATINA CROSSING,2021-05-01,ROBBERY,12
PANALUM,2021-05-01,DRUG-RELATED,15
AQUINO,2021-05-01,CHILD ABUSE,18
MANUEL GUIANGA,2021-05-01,DRUG-RELATED,21
PANALUM,2021-05-01,ILLEGAL POSSESSION OF FIREARMS,10
BAGO GALLERA,2021-05-01,CARNAPPING,20
MAHAYAG,2021-05-01,ILLEGAL GAMBLING,14
LASANG,2021-05-01,HOMICIDE,9
SASA,2021-05-01,DRUG-RELATED,20
SUAWAN,2021-05-01,CHILD ABUSE,10
CATIGAN,2021-05-01,CARNAPPING,6
BARANGAY 3-A,2021-05-01,THEFT,21
DUTERTE,2021-05-01,ILLEGAL POSSESSION OF FIREARMS,3
LACSON,2021-05-01,ROBBERY,2
SIRIB,2021-05-01,HOMICIDE,19
MATINA APLAYA,2021-05-01,ILLEGAL GAMBLING,17
CARMEN,2021-05-01,MURDER,7
AQUINO,2021-05-01,DRUG-RELATED,21
BARANGAY 39-D,2021-05-01,CHILD ABUSE,12
MINTAL,2021-05-01,HOMICIDE,17
PANALUM,2021-05-01,PHYSICAL INJURY,11
ANGALAN,2021-05-01,ROBBERY,14
BARANGAY 3-A,2021-05-01,DRUG-RELATED,10
BAGO GALLERA,2021-05-01,DRUG-RELATED,8
BARANGAY 18-B,2021-05-01,ILLEGAL POSSESSION OF FIREARMS,20
BAGO OSHIRO,2021-05-01,BURGLARY,7
CAWAYAN,2021-05-01,BURGLARY,10
LUBOGAN,2021-05-01,PHYSICAL INJURY,7
TOMAS MONTEVERDE,2021-05-01,ROBBERY,24
MINTAL,2021-05-01,VANDALISM,12
BARANGAY 3-A,2021-05-01,VANDALISM,1
BARANGAY 5-A,2021-05-01,ILLEGAL GAMBLING,7
CATIGAN,2021-05-01,CARNAPPING,7
PAQUIBATO,2021-05-01,BURGLARY,13
TALOMO,2021-05-01,MURDER,21
SALOY,2021-05-01,MURDER,8
MATINA APLAYA,2021-05-01,ROBBERY,8
SALAPAWAN,2021-05-01,HOMICIDE,5
PAQUIBATO,2021-05-01,BURGLARY,7
BARANGAY 23-C,2021-05-01,MURDER,13
TALOMO RIVER,2021-05-01,ILLEGAL GAMBLING,4
RIVERSIDE,2021-05-01,DRUG-RELATED,13
BARANGAY 3-A,2021-05-01,ILLEGAL GAMBLING,12
MATINA APLAYA,2021-05-01,ROBBERY,5
MAA,2021-05-01,HOMICIDE,2
NEW VALENCIA,2021-05-01,RAPE,3
WAAN,2021-05-01,ILLEGAL GAMBLING,11
LIZADA,2021-05-01,RAPE,16
MABUHAY,2021-05-01,MURDER,16
MABUHAY,2021-05-01,THEFT,12
CABANTIAN,2021-05-01,ILLEGAL GAMBLING,4
TAMBOBONG,2021-05-01,ROBBERY,18
BAO JOAQUIN,2021-05-01,ILLEGAL POSSESSION OF FIREARMS,21
SALAYSAY,2021-05-01,ILLEGAL GAMBLING,3
EDEN,2021-05-01,RAPE,17
MAHAYAG,2021-05-01,ILLEGAL POSSESSION OF FIREARMS,17
BARANGAY 39-D,2021-05-01,VANDALISM,18
ILANG,2021-05-01,BURGLARY,6
SALUMAY,2021-05-01,RAPE,11
BINUGAO,2021-05-01,DRUG-RELATED,13
BAGO OSHIRO,2021-05-01,DRUG-RELATED,14
BARANGAY 38-D,2021-05-01,PHYSICAL INJURY,4
SIRIB,2021-05-01,MURDER,1
MABUHAY,2021-05-01,THEFT,18
ALFONSO ANGLIONGTO SR,2021-05-01,ILLEGAL POSSESSION OF FIREARMS,3
MATINA PANGI,2021-05-01,CHILD ABUSE,5
CARMEN,2021-05-01,ILLEGAL GAMBLING,19
BARANGAY 23-C,2021-05-01,ROBBERY,22
PAQUIBATO,2021-05-01,MURDER,7
TAMUGAN,2021-06-01,CARNAPPING,22
MAGTUOD,2021-06-01,MURDER,22
MANDUG,2021-06-01,MURDER,7
BARANGAY 5-A,2021-06-01,CARNAPPING,7
MAPI-ILA,2021-06-01,VANDALISM,6
SUAWAN,2021-06-01,THEFT,2
MINTAL,2021-06-01,HOMICIDE,13
DUTERTE,2021-06-01,THEFT,21
BARANGAY 13-B,2021-06-01,RAPE,23
BARANGAY 2-A,2021-06-01,ILLEGAL POSSESSION OF FIREARMS,19
LOS AMIGOS,2021-06-01,ROBBERY,13
CATIGAN,2021-06-01,ILLEGAL GAMBLING,9
BUHANGIN,2021-06-01,DRUG-RELATED,18
MATINA PANGI,2021-06-01,HOMICIDE,8
BAGO GALLERA,2021-06-01,CHILD ABUSE,16
SALAYSAY,2021-06-01,CHILD ABUSE,10
SASA,2021-06-01,THEFT,19
GUMITAN,2021-06-01,MURDER,19
LAPU-LAPU,2021-06-01,THEFT,8
SUAWAN,2021-06-01,MURDER,1
CARMEN,2021-06-01,VANDALISM,14
BANTOL,2021-06-01,VANDALISM,3
LAPU-LAPU,2021-06-01,CARNAPPING,20
BARANGAY 5-A,2021-06-01,RAPE,14
ALAMBRE,2021-06-01,ILLEGAL GAMBLING,17
AQUINO,2021-06-01,HOMICIDE,23
MANDUG,2021-06-01,RAPE,18
TALOMO RIVER,2021-06-01,ILLEGAL POSSESSION OF FIREARMS,18
ALFONSO ANGLIONGTO SR,2021-06-01,BURGLARY,5
MINTAL,2021-06-01,ILLEGAL POSSESSION OF FIREARMS,24
TALOMO,2021-06-01,CHILD ABUSE,4
BAO JOAQUIN,2021-06-01,DRUG-RELATED,1
TIBULOY,2021-06-01,BURGLARY,13
MANUEL GUIANGA,2021-06-01,CARNAPPING,5
BAGUIO PROPER,2021-06-01,ILLEGAL GAMBLING,13
TALOMO,2021-06-01,BURGLARY,23
BARANGAY 26-C,2021-06-01,RAPE,20
TALOMO RIVER,2021-06-01,PHYSICAL INJURY,11
BARANGAY 28-C,2021-06-01,RAPE,15
BARANGAY 28-C,2021-06-01,CARNAPPING,21
BARANGAY 28-C,2021-06-01,BURGLARY,19
BALIOK,2021-06-01,HOMICIDE,18
SUAWAN,2021-06-01,DRUG-RELATED,19
DALIAO,2021-06-01,CHILD ABUSE,11
BANTOL,2021-06-01,MURDER,5
TAGURANO,2021-06-01,PHYSICAL INJURY,2
SALAYSAY,2021-06-01,CARNAPPING,4
SALAPAWAN,2021-06-01,BURGLARY,11
PACIANO BANGOY,2021-06-01,ROBBERY,21
SALAPAWAN,2021-06-01,BURGLARY,16
MAGSAYSAY,2021-06-01,BURGLARY,2
BARANGAY 37-D,2021-06-01,ILLEGAL GAMBLING,10
FATIMA,2021-06-01,ILLEGAL GAMBLING,10
BARANGAY 20-B,2021-06-01,ROBBERY,20
76-A BUCANA,2021-06-01,THEFT,24
CATALUNAN GRANDE,2021-06-01,ILLEGAL POSSESSION OF FIREARMS,24
BUDA,2021-06-01,THEFT,6
TAMAYONG,2021-06-01,HOMICIDE,3
BANTOL,2021-06-01,ILLEGAL GAMBLING,16
BINUGAO,2021-06-01,BURGLARY,1
MAGTUOD,2021-06-01,DRUG-RELATED,6
SALAPAWAN,2021-06-01,PHYSICAL INJURY,12
PANACAN,2021-06-01,ROBBERY,10
MARILOG,2021-06-01,BURGLARY,15
ANGALAN,2021-06-01,ILLEGAL POSSESSION OF FIREARMS,23
CALINAN,2021-06-01,CARNAPPING,13
TOMAS MONTEVERDE,2021-06-01,MURDER,12
MAGSAYSAY,2021-06-01,PHYSICAL INJURY,17
LACSON,2021-06-01,RAPE,15
MANUEL GUIANGA,2021-06-01,HOMICIDE,23
BAGANIHAN,2021-07-01,ILLEGAL GAMBLING,17
WAAN,2021-07-01,RAPE,23
INDANGAN,2021-07-01,THEFT,2
SUAWAN,2021-07-01,VANDALISM,22
ULAS,2021-07-01,HOMICIDE,7
LIZADA,2021-07-01,PHYSICAL INJURY,4
CATALUNAN GRANDE,2021-07-01,RAPE,3
MINTAL,2021-07-01,HOMICIDE,14
MULIG,2021-07-01,ILLEGAL POSSESSION OF FIREARMS,14
TAMBOBONG,2021-07-01,VANDALISM,19
ILANG,2021-07-01,PHYSICAL INJURY,15
MATINA CROSSING,2021-07-01,ILLEGAL GAMBLING,1
PAQUIBATO,2021-07-01,PHYSICAL INJURY,4
MALAGOS,2021-07-01,ROBBERY,12
BARANGAY 8-A,2021-07-01,ILLEGAL GAMBLING,4
BALIOK,2021-07-01,THEFT,3
BARANGAY 9-A,2021-07-01,PHYSICAL INJURY,22
EDEN,2021-07-01,RAPE,16
MAPI-ILA,2021-07-01,ROBBERY,10
BAGO APLAYA,2021-07-01,BURGLARY,6
MARAPANGI,2021-07-01,CARNAPPING,16
74-A MATINA CROSSING,2021-07-01,HOMICIDE,12
PANALUM,2021-07-01,CHILD ABUSE,6
TALOMO,2021-07-01,CHILD ABUSE,15
MATINA APLAYA,2021-07-01,ILLEGAL POSSESSION OF FIREARMS,3
BARANGAY 9-A,2021-07-01,DRUG-RELATED,2
SALAPAWAN,2021-07-01,THEFT,11
BARANGAY 19-B,2021-07-01,PHYSICAL INJURY,22
BARANGAY 18-B,2021-07-01,CHILD ABUSE,22
MINTAL,2021-07-01,MURDER,19
BARANGAY 2-A,2021-07-01,ROBBERY,7
TAMAYONG,2021-07-01,CHILD ABUSE,14
ANGALAN,2021-07-01,CARNAPPING,3
BARANGAY 38-D,2021-07-01,CARNAPPING,22
DUTERTE,2021-07-01,PHYSICAL INJURY,21
LACSON,2021-07-01,ROBBERY,10
BINUGAO,2021-07-01,ILLEGAL GAMBLING,3
MULIG,2021-07-01,ILLEGAL GAMBLING,8
CABANTIAN,2021-07-01,MURDER,8
MARAPANGI,2021-07-01,ROBBERY,12
BARANGAY 3-A,2021-07-01,CHILD ABUSE,2
MATINA APLAYA,2021-07-01,CHILD ABUSE,3
SIRIB,2021-07-01,BURGLARY,2
WANGAN,2021-07-01,THEFT,14
BUNAWAN,2021-07-01,RAPE,8
DUMOY,2021-07-01,ILLEGAL GAMBLING,24
BARANGAY 10-A,2021-07-01,THEFT,7
ALFONSO ANGLIONGTO SR,2021-07-01,CARNAPPING,16
TAGURANO,2021-07-01,CARNAPPING,19
BARANGAY 8-A,2021-07-01,DRUG-RELATED,17
GUMALANG,2021-07-01,PHYSICAL INJURY,5
LAPU-LAPU,2021-07-01,CHILD ABUSE,22
MARAPANGI,2021-07-01,THEFT,21
MAGTUOD,2021-07-01,VANDALISM,9
BANTOL,2021-07-01,PHYSICAL INJURY,13
SANTO NINO,2021-07-01,MURDER,4
WAAN,2021-07-01,ROBBERY,12
VICENTE HIZON,2021-07-01,BURGLARY,4
BARANGAY 5-A,2021-07-01,BURGLARY,18
PACIANO BANGOY,2021-07-01,THEFT,23
TOMAS MONTEVERDE,2021-07-01,CHILD ABUSE,10
BARANGAY 8-A,2021-07-01,THEFT,8
74-A MATINA CROSSING,2021-07-01,BURGLARY,3
TORIL,2021-07-01,HOMICIDE,21
DUMOY,2021-07-01,ILLEGAL POSSESSION OF FIREARMS,23
BARANGAY 32-D,2021-07-01,ILLEGAL GAMBLING,7
BARANGAY 37-D,2021-07-01,THEFT,8
BAO JOAQUIN,2021-07-01,THEFT,16
SUBASTA,2021-07-01,ROBBERY,4
DUMOY,2021-07-01,DRUG-RELATED,12
BARANGAY 18-B,2021-08-01,BURGLARY,23
CAWAYAN,2021-08-01,THEFT,21
DALIAO,2021-08-01,BURGLARY,12
BARANGAY 18-B,2021-08-01,DRUG-RELATED,15
74-A MATINA CROSSING,2021-08-01,THEFT,4
ANGALAN,2021-08-01,THEFT,18
COMMUNAL,2021-08-01,MURDER,6
TAGURANO,2021-08-01,CHILD ABUSE,16
SUAWAN,2021-08-01,CHILD ABUSE,12
INDANGAN,2021-08-01,THEFT,14
BARANGAY 23-C,2021-08-01,HOMICIDE,5
MALABOG,2021-08-01,VANDALISM,6
TALOMO,2021-08-01,RAPE,3
MANUEL GUIANGA,2021-08-01,BURGLARY,14
SALOY,2021-08-01,ROBBERY,7
AGDAO PROPER,2021-08-01,BURGLARY,17
TAGURANO,2021-08-01,MURDER,11
BARANGAY 37-D,2021-08-01,VANDALISM,8
BUNAWAN,2021-08-01,HOMICIDE,11
MAPI-ILA,2021-08-01,ILLEGAL POSSESSION OF FIREARMS,8
BARANGAY 14-B,2021-08-01,THEFT,18
WINES,2021-08-01,MURDER,8
BARANGAY 23-C,2021-08-01,ILLEGAL GAMBLING,8
BARANGAY 27-C,2021-08-01,VANDALISM,18
ALFONSO ANGLIONGTO SR,2021-08-01,ILLEGAL GAMBLING,21
MANUEL GUIANGA,2021-08-01,PHYSICAL INJURY,10
GUMITAN,2021-08-01,CHILD ABUSE,18
ACACIA,2021-08-01,CARNAPPING,12
TIBUNGCO,2021-08-01,MURDER,4
WINES,2021-08-01,PHYSICAL INJURY,19
SAN ISIDRO,2021-08-01,BURGLARY,13
ALAMBRE,2021-08-01,CARNAPPING,17
ULAS,2021-08-01,HOMICIDE,10
TALOMO,2021-08-01,ILLEGAL GAMBLING,6
WAAN,2021-08-01,ROBBERY,10
BARANGAY 5-A,2021-08-01,ILLEGAL POSSESSION OF FIREARMS,9
BARANGAY 11-A,2021-08-01,PHYSICAL INJURY,9
BALIOK,2021-08-01,CARNAPPING,19
MATINA APLAYA,2021-08-01,BURGLARY,4
INDANGAN,2021-08-01,MURDER,18
MAA,2021-08-01,CARNAPPING,9
MAGSAYSAY,2021-08-01,HOMICIDE,19
BARANGAY 2-A,2021-08-01,HOMICIDE,13
BARANGAY 18-B,2021-08-01,THEFT,11
LAMANAN,2021-08-01,ILLEGAL GAMBLING,5
TUGBOK,2021-08-01,CARNAPPING,22
INDANGAN,2021-08-01,PHYSICAL INJURY,19
BARANGAY 27-C,2021-08-01,DRUG-RELATED,19
MANUEL GUIANGA,2021-08-01,ILLEGAL GAMBLING,3
TUNGKALAN,2021-08-01,BURGLARY,23
DUMOY,2021-08-01,VANDALISM,19
MULIG,2021-08-01,THEFT,14
PANACAN,2021-08-01,CHILD ABUSE,11
CATALUNAN GRANDE,2021-08-01,HOMICIDE,7
BARANGAY 8-A,2021-08-01,BURGLARY,24
LAMANAN,2021-08-01,CARNAPPING,20
40-D BOLTON ISLA,2021-08-01,DRUG-RELATED,15
TIBULOY,2021-08-01,CHILD ABUSE,18
INDANGAN,2021-08-01,CHILD ABUSE,2
BINUGAO,2021-08-01,CHILD ABUSE,13
40-D BOLTON ISLA,2021-08-01,CARNAPPING,18
BARANGAY 5-A,2021-08-01,THEFT,12
LIZADA,2021-08-01,MURDER,16
COMMUNAL,2021-08-01,ROBBERY,2
TALOMO RIVER,2021-08-01,BURGLARY,22
PAQUIBATO,2021-08-01,ILLEGAL POSSESSION OF FIREARMS,10
76-A BUCANA,2021-08-01,CARNAPPING,13
TORIL,2021-08-01,PHYSICAL INJURY,10
LASANG,2021-08-01,CARNAPPING,23
MAPI-ILA,2021-08-01,THEFT,15
FATIMA,2021-09-01,RAPE,21
74-A MATINA CROSSING,2021-09-01,ROBBERY,7
MATINA PANGI,2021-09-01,BURGLARY,13
TORIL,2021-09-01,PHYSICAL INJURY,3
TALANDANG,2021-09-01,MURDER,4
BALIOK,2021-09-01,BURGLARY,8
CENTRO SAN JUAN,2021-09-01,CHILD ABUSE,16
BARANGAY 2-A,2021-09-01,DRUG-RELATED,2
MABUHAY,2021-09-01,ILLEGAL POSSESSION OF FIREARMS,13
CENTRO SAN JUAN,2021-09-01,ILLEGAL POSSESSION OF FIREARMS,22
TAGURANO,2021-09-01,ROBBERY,9
SALAYSAY,2021-09-01,RAPE,24
BARANGAY 38-D,2021-09-01,PHYSICAL INJURY,15
BARANGAY 22-C,2021-09-01,DRUG-RELATED,13
TAMAYONG,2021-09-01,CARNAPPING,12
MAPI-ILA,2021-09-01,MURDER,11
MATINA PANGI,2021-09-01,ILLEGAL GAMBLING,7
BAGO OSHIRO,2021-09-01,ILLEGAL GAMBLING,10
BUHANGIN,2021-09-01,DRUG-RELATED,19
PAQUIBATO,2021-09-01,DRUG-RELATED,17
PAMPANGA,2021-09-01,HOMICIDE,7
COMMUNAL,2021-09-01,HOMICIDE,17
BARANGAY 2-A,2021-09-01,CHILD ABUSE,4
MARAPANGI,2021-09-01,HOMICIDE,8
SIRIB,2021-09-01,MURDER,16
CABANTIAN,2021-09-01,ROBBERY,23
CATALUNAN PEQUENO,2021-09-01,RAPE,9
GUMALANG,2021-09-01,MURDER,9
TIBULOY,2021-09-01,VANDALISM,17
BARANGAY 3-A,2021-09-01,ILLEGAL POSSESSION OF FIREARMS,14
MAPI-ILA,2021-09-01,BURGLARY,13
SUAWAN,2021-09-01,CHILD ABUSE,16
ANGALAN,2021-09-01,DRUG-RELATED,11
BARANGAY 27-C,2021-09-01,PHYSICAL INJURY,7
BARANGAY 17-B,2021-09-01,MURDER,9
BARANGAY 13-B,2021-09-01,PHYSICAL INJURY,13
PAMPANGA,2021-09-01,PHYSICAL INJURY,16
LAMANAN,2021-09-01,THEFT,3
BARANGAY 19-B,2021-09-01,BURGLARY,6
74-A MATINA CROSSING,2021-09-01,CHILD ABUSE,16
PANALUM,2021-09-01,MURDER,12
ACACIA,2021-09-01,THEFT,12
BUHANGIN,2021-09-01,THEFT,20
VICENTE HIZON,2021-09-01,CARNAPPING,9
BARANGAY 22-C,2021-09-01,ILLEGAL GAMBLING,6
MAPI-ILA,2021-09-01,BURGLARY,24
PANACAN,2021-09-01,VANDALISM,2
MANUEL GUIANGA,2021-09-01,RAPE,23
PAMPANGA,2021-09-01,CARNAPPING,1
WANGAN,2021-09-01,ILLEGAL POSSESSION OF FIREARMS,21
SALAPAWAN,2021-09-01,ILLEGAL POSSESSION OF FIREARMS,11
TIBUNGCO,2021-09-01,PHYSICAL INJURY,2
BUNAWAN,2021-09-01,THEFT,6
LUBOGAN,2021-09-01,ROBBERY,2
TALOMO RIVER,2021-09-01,MURDER,5
BAGO OSHIRO,2021-09-01,PHYSICAL INJURY,19
CABANTIAN,2021-09-01,THEFT,3
TUGBOK,2021-09-01,ROBBERY,17
TUGBOK,2021-09-01,MURDER,8
BAGO APLAYA,2021-09-01,HOMICIDE,8
PANACAN,2021-09-01,MURDER,6
BARANGAY 8-A,2021-09-01,RAPE,2
MAGSAYSAY,2021-09-01,ILLEGAL GAMBLING,9
COMMUNAL,2021-09-01,PHYSICAL INJURY,2
SAN ANTONIO,2021-09-01,CHILD ABUSE,9
BARANGAY 22-C,2021-09-01,ROBBERY,16
PAQUIBATO,2021-09-01,RAPE,8
LAPU-LAPU,2021-09-01,ILLEGAL POSSESSION OF FIREARMS,20
LIZADA,2021-09-01,BURGLARY,23
BARANGAY 28-C,2021-09-01,ILLEGAL POSSESSION OF FIREARMS,11
AGDAO PROPER,2021-10-01,HOMICIDE,20
BARANGAY 14-B,2021-10-01,PHYSICAL INJURY,9
VICENTE HIZON,2021-10-01,ROBBERY,12
TOMAS MONTEVERDE,2021-10-01,HOMICIDE,24
LUBOGAN,2021-10-01,CHILD ABUSE,20
MAGTUOD,2021-10-01,ROBBERY,23
BUDA,2021-10-01,VANDALISM,6
ALFONSO ANGLIONGTO SR,2021-10-01,RAPE,18
BUHANGIN,2021-10-01,VANDALISM,21
BARANGAY 26-C,2021-10-01,PHYSICAL INJURY,4
ACACIA,2021-10-01,CARNAPPING,11
TIBUNGCO,2021-10-01,ROBBERY,6
BAGO GALLERA,2021-10-01,DRUG-RELATED,8
BARANGAY 5-A,2021-10-01,CHILD ABUSE,24
WANGAN,2021-10-01,HOMICIDE,23
VICENTE HIZON,2021-10-01,CARNAPPING,9
PACIANO BANGOY,2021-10-01,HOMICIDE,9
TAGURANO,2021-10-01,HOMICIDE,17
CATIGAN,2021-10-01,ROBBERY,22
BAGO OSHIRO,2021-10-01,CHILD ABUSE,6
SUAWAN,2021-10-01,RAPE,11
COMMUNAL,2021-10-01,BURGLARY,21
TORIL,2021-10-01,ROBBERY,2
BINUGAO,2021-10-01,CHILD ABUSE,6
MARAPANGI,2021-10-01,RAPE,11
DALIAO,2021-10-01,RAPE,9
BARANGAY 17-B,2021-10-01,PHYSICAL INJURY,21
BARANGAY 8-A,2021-10-01,HOMICIDE,19
BAGANIHAN,2021-10-01,MURDER,12
MARILOG,2021-10-01,CARNAPPING,2
MANDUG,2021-10-01,RAPE,8
BUNAWAN,2021-10-01,PHYSICAL INJURY,6
BINUGAO,2021-10-01,VANDALISM,17
MARILOG,2021-10-01,CARNAPPING,2
PANACAN,2021-10-01,CHILD ABUSE,10
BARANGAY 17-B,2021-10-01,PHYSICAL INJURY,10
BARANGAY 19-B,2021-10-01,ILLEGAL GAMBLING,23
WANGAN,2021-10-01,ROBBERY,7
SALAYSAY,2021-10-01,CHILD ABUSE,12
SAN ISIDRO,2021-10-01,VANDALISM,12
BINUGAO,2021-10-01,BURGLARY,3
TAGURANO,2021-10-01,DRUG-RELATED,24
SALAYSAY,2021-10-01,RAPE,11
LAMANAN,2021-10-01,CHILD ABUSE,22
MAGTUOD,2021-10-01,ILLEGAL POSSESSION OF FIREARMS,12
BARANGAY 11-A,2021-10-01,HOMICIDE,23
MABUHAY,2021-10-01,ILLEGAL POSSESSION OF FIREARMS,18
SUAWAN,2021-10-01,RAPE,18
BAYABAS,2021-10-01,HOMICIDE,13
CABANTIAN,2021-10-01,CHILD ABUSE,16
TACUNAN,2021-10-01,DRUG-RELATED,23
EDEN,2021-10-01,CARNAPPING,7
CATALUNAN GRANDE,2021-10-01,CHILD ABUSE,2
76-A BUCANA,2021-10-01,ILLEGAL GAMBLING,7
MINTAL,2021-10-01,BURGLARY,7
LASANG,2021-10-01,MURDER,23
ANGALAN,2021-10-01,PHYSICAL INJURY,22
BAGO GALLERA,2021-10-01,VANDALISM,10
MALAGOS,2021-10-01,ILLEGAL POSSESSION OF FIREARMS,12
BARANGAY 14-B,2021-10-01,HOMICIDE,4
BARANGAY 11-A,2021-10-01,CARNAPPING,7
INDANGAN,2021-10-01,MURDER,1
MAA,2021-10-01,ILLEGAL POSSESSION OF FIREARMS,1
BARANGAY 20-B,2021-10-01,THEFT,4
BARANGAY 22-C,2021-10-01,HOMICIDE,11
BARANGAY 28-C,2021-10-01,VANDALISM,1
BAGANIHAN,2021-10-01,CARNAPPING,4
TOMAS MONTEVERDE,2021-10-01,VANDALISM,7
BARANGAY 38-D,2021-10-01,RAPE,13
CENTRO SAN JUAN,2021-10-01,PHYSICAL INJURY,4
ALAMBRE,2021-11-01,ILLEGAL POSSESSION OF FIREARMS,22
BANTOL,2021-11-01,ILLEGAL GAMBLING,24
AQUINO,2021-11-01,ROBBERY,20
PAMPANGA,2021-11-01,RAPE,18
PAMPANGA,2021-11-01,DRUG-RELATED,22
MULIG,2021-11-01,DRUG-RELATED,16
DUTERTE,2021-11-01,THEFT,10
MAGSAYSAY,2021-11-01,MURDER,6
BARANGAY 28-C,2021-11-01,DRUG-RELATED,4
TALOMO,2021-11-01,VANDALISM,17
76-A BUCANA,2021-11-01,ILLEGAL GAMBLING,2
BARANGAY 28-C,2021-11-01,ROBBERY,17
TALANDANG,2021-11-01,PHYSICAL INJURY,10
BARANGAY 14-B,2021-11-01,RAPE,24
ACACIA,2021-11-01,THEFT,16
NEW VALENCIA,2021-11-01,PHYSICAL INJURY,24
BUNAWAN,2021-11-01,HOMICIDE,15
CATALUNAN PEQUENO,2021-11-01,PHYSICAL INJURY,20
BARANGAY 13-B,2021-11-01,BURGLARY,7
BARANGAY 10-A,2021-11-01,CHILD ABUSE,14
BARANGAY 10-A,2021-11-01,THEFT,24
BARANGAY 2-A,2021-11-01,HOMICIDE,6
BUHANGIN,2021-11-01,THEFT,19
BARANGAY 9-A,2021-11-01,DRUG-RELATED,24
BALIOK,2021-11-01,ROBBERY,7
BARANGAY 13-B,2021-11-01,RAPE,20
MANDUG,2021-11-01,VANDALISM,14
40-D BOLTON ISLA,2021-11-01,THEFT,16
SAN ISIDRO,2021-11-01,MURDER,24
TOMAS MONTEVERDE,2021-11-01,ILLEGAL POSSESSION OF FIREARMS,3
BARANGAY 19-B,2021-11-01,HOMICIDE,19
LAMANAN,2021-11-01,VANDALISM,14
VICENTE HIZON,2021-11-01,DRUG-RELATED,21
NEW VALENCIA,2021-11-01,PHYSICAL INJURY,13
BAGO OSHIRO,2021-11-01,CARNAPPING,6
TORIL,2021-11-01,VANDALISM,20
40-D BOLTON ISLA,2021-11-01,CHILD ABUSE,10
SALUMAY,2021-11-01,RAPE,16
BARANGAY 13-B,2021-11-01,RAPE,12
LAPU-LAPU,2021-11-01,DRUG-RELATED,18
BARANGAY 14-B,2021-11-01,PHYSICAL INJURY,5
BARANGAY 11-A,2021-11-01,VANDALISM,24
GUMITAN,2021-11-01,ROBBERY,8
BARANGAY 28-C,2021-11-01,CHILD ABUSE,10
TAPAK,2021-11-01,ILLEGAL GAMBLING,21
SALOY,2021-11-01,ILLEGAL GAMBLING,22
CATALUNAN GRANDE,2021-11-01,HOMICIDE,3
TAMBOBONG,2021-11-01,CHILD ABUSE,24
CARMEN,2021-11-01,BURGLARY,22
BAGO GALLERA,2021-11-01,THEFT,13
SUAWAN,2021-11-01,THEFT,15
INDANGAN,2021-11-01,PHYSICAL INJURY,9
BANTOL,2021-11-01,ROBBERY,4
BARANGAY 9-A,2021-11-01,CHILD ABUSE,1
40-D BOLTON ISLA,2021-11-01,MURDER,8
ILANG,2021-11-01,THEFT,3
MATINA PANGI,2021-11-01,CARNAPPING,17
PAQUIBATO,2021-11-01,PHYSICAL INJURY,1
ACACIA,2021-11-01,VANDALISM,13
BARANGAY 32-D,2021-11-01,MURDER,14
CATALUNAN PEQUENO,2021-11-01,ILLEGAL GAMBLING,23
BUNAWAN,2021-11-01,RAPE,4
LASANG,2021-11-01,VANDALISM,2
BAO JOAQUIN,2021-11-01,ROBBERY,7
TIBUNGCO,2021-11-01,MURDER,15
MAGSAYSAY,2021-11-01,MURDER,8
CENTRO SAN JUAN,2021-11-01,MURDER,5
LIZADA,2021-11-01,THEFT,5
TAPAK,2021-11-01,RAPE,12
BALENGAENG,2021-11-01,PHYSICAL INJURY,1
BARANGAY 19-B,2021-12-01,BURGLARY,13
GUMITAN,2021-12-01,VANDALISM,10
BARANGAY 13-B,2021-12-01,ILLEGAL GAMBLING,14
MALAGOS,2021-12-01,CARNAPPING,21
BARANGAY 39-D,2021-12-01,CARNAPPING,24
BARANGAY 11-A,2021-12-01,HOMICIDE,10
BUDA,2021-12-01,DRUG-RELATED,2
40-D BOLTON ISLA,2021-12-01,HOMICIDE,8
WINES,2021-12-01,THEFT,14
BUNAWAN,2021-12-01,PHYSICAL INJURY,4
MATINA APLAYA,2021-12-01,PHYSICAL INJURY,19
TALANDANG,2021-12-01,DRUG-RELATED,24
BAGUIO PROPER,2021-12-01,CARNAPPING,10
BAGUIO PROPER,2021-12-01,HOMICIDE,11
MAGTUOD,2021-12-01,CHILD ABUSE,24
BARANGAY 17-B,2021-12-01,THEFT,23
COMMUNAL,2021-12-01,MURDER,6
MALAGOS,2021-12-01,VANDALISM,3
BUDA,2021-12-01,HOMICIDE,15
BUHANGIN,2021-12-01,ILLEGAL GAMBLING,18
MALAGOS,2021-12-01,CARNAPPING,9
BARANGAY 2-A,2021-12-01,MURDER,19
ANGALAN,2021-12-01,CARNAPPING,9
BANTOL,2021-12-01,MURDER,9
TACUNAN,2021-12-01,ROBBERY,13
40-D BOLTON ISLA,2021-12-01,CHILD ABUSE,15
CENTRO SAN JUAN,2021-12-01,ROBBERY,3
TIBUNGCO,2021-12-01,THEFT,18
EDEN,2021-12-01,BURGLARY,17
GUMITAN,2021-12-01,ILLEGAL POSSESSION OF FIREARMS,23
TOMAS MONTEVERDE,2021-12-01,ILLEGAL GAMBLING,14
LIZADA,2021-12-01,ILLEGAL GAMBLING,6
WAAN,2021-12-01,PHYSICAL INJURY,11
SALOY,2021-12-01,ILLEGAL GAMBLING,13
WINES,2021-12-01,VANDALISM,2
BAGUIO PROPER,2021-12-01,THEFT,9
SIRIB,2021-12-01,CHILD ABUSE,7
BARANGAY 20-B,2021-12-01,ILLEGAL POSSESSION OF FIREARMS,16
TAPAK,2021-12-01,CHILD ABUSE,17
BARANGAY 37-D,2021-12-01,ILLEGAL POSSESSION OF FIREARMS,13
BARANGAY 2-A,2021-12-01,RAPE,15
TAGURANO,2021-12-01,CHILD ABUSE,8
DUTERTE,2021-12-01,THEFT,11
BALENGAENG,2021-12-01,THEFT,16
SALAPAWAN,2021-12-01,VANDALISM,7
BARANGAY 37-D,2021-12-01,CARNAPPING,2
MAA,2021-12-01,CHILD ABUSE,11
BAGO OSHIRO,2021-12-01,MURDER,18
MARILOG,2021-12-01,MURDER,3
BARANGAY 22-C,2021-12-01,THEFT,22
GUMITAN,2021-12-01,MURDER,19
AQUINO,2021-12-01,ILLEGAL GAMBLING,24
BARANGAY 9-A,2021-12-01,BURGLARY,14
GUMALANG,2021-12-01,CARNAPPING,18
GUMITAN,2021-12-01,ILLEGAL GAMBLING,21
BARANGAY 14-B,2021-12-01,RAPE,22
SALUMAY,2021-12-01,ILLEGAL POSSESSION OF FIREARMS,4
SALAYSAY,2021-12-01,ILLEGAL POSSESSION OF FIREARMS,17
LIZADA,2021-12-01,BURGLARY,20
ILANG,2021-12-01,DRUG-RELATED,7
LASANG,2021-12-01,ILLEGAL GAMBLING,16
CABANTIAN,2021-12-01,CARNAPPING,2
BAGANIHAN,2021-12-01,HOMICIDE,24
BARANGAY 38-D,2021-12-01,MURDER,13
MINTAL,2021-12-01,ILLEGAL GAMBLING,22
BUHANGIN,2021-12-01,VANDALISM,18
MATINA APLAYA,2021-12-01,DRUG-RELATED,8
AGDAO PROPER,2021-12-01,MURDER,20
TUGBOK,2021-12-01,BURGLARY,16
DUTERTE,2021-12-01,HOMICIDE,19
NEW VALENCIA,2022-01-01,DRUG-RELATED,4
TAPAK,2022-01-01,ILLEGAL GAMBLING,8
BALIOK,2022-01-01,HOMICIDE,10
CATALUNAN PEQUENO,2022-01-01,BURGLARY,20
BARANGAY 32-D,2022-01-01,ROBBERY,11
BARANGAY 13-B,2022-01-01,DRUG-RELATED,13
BARANGAY 39-D,2022-01-01,THEFT,10
SIRIB,2022-01-01,RAPE,14
MARILOG,2022-01-01,CHILD ABUSE,22
SALAYSAY,2022-01-01,VANDALISM,11
NEW VALENCIA,2022-01-01,VANDALISM,14
BUHANGIN,2022-01-01,BURGLARY,22
BARANGAY 8-A,2022-01-01,CARNAPPING,4
MULIG,2022-01-01,VANDALISM,7
BARANGAY 9-A,2022-01-01,CARNAPPING,2
BARANGAY 38-D,2022-01-01,BURGLARY,15
DUTERTE,2022-01-01,ILLEGAL POSSESSION OF FIREARMS,2
CATIGAN,2022-01-01,VANDALISM,5
SALOY,2022-01-01,HOMICIDE,7
AGDAO PROPER,2022-01-01,ILLEGAL POSSESSION OF FIREARMS,8
TAMBOBONG,2022-01-01,CARNAPPING,5
LASANG,2022-01-01,PHYSICAL INJURY,7
PACIANO BANGOY,2022-01-01,ILLEGAL POSSESSION OF FIREARMS,1
TIGATTO,2022-01-01,CHILD ABUSE,18
TIGATTO,2022-01-01,ILLEGAL POSSESSION OF FIREARMS,1
PANALUM,2022-01-01,CARNAPPING,6
BARANGAY 8-A,2022-01-01,MURDER,23
BUNAWAN,2022-01-01,MURDER,8
MARAPANGI,2022-01-01,RAPE,5
BAO JOAQUIN,2022-01-01,ROBBERY,13
TOMAS MONTEVERDE,2022-01-01,HOMICIDE,6
BARANGAY 14-B,2022-01-01,HOMICIDE,13
MARAPANGI,2022-01-01,CARNAPPING,13
SASA,2022-01-01,MURDER,3
BARANGAY 8-A,2022-01-01,CHILD ABUSE,12
LAMANAN,2022-01-01,ILLEGAL POSSESSION OF FIREARMS,20
BARANGAY 39-D,2022-01-01,DRUG-RELATED,10
MAA,2022-01-01,CHILD ABUSE,14
SAN ANTONIO,2022-01-01,ILLEGAL GAMBLING,18
TIGATTO,2022-01-01,PHYSICAL INJURY,24
SALUMAY,2022-01-01,ROBBERY,13
TALANDANG,2022-01-01,VANDALISM,9
TUGBOK,2022-01-01,PHYSICAL INJURY,2
TALOMO,2022-01-01,HOMICIDE,2
BALIOK,2022-01-01,CHILD ABUSE,1
MARAPANGI,2022-01-01,RAPE,9
BARANGAY 22-C,2022-01-01,BURGLARY,5
BARANGAY 14-B,2022-01-01,PHYSICAL INJURY,8
PANACAN,2022-01-01,RAPE,16
CATALUNAN GRANDE,2022-01-01,BURGLARY,12
MATINA CROSSING,2022-01-01,HOMICIDE,10
BAO ESCUELA,2022-01-01,HOMICIDE,24
SALAYSAY,2022-01-01,MURDER,3
BAGO APLAYA,2022-01-01,CARNAPPING,22
BAGO APLAYA,2022-01-01,ILLEGAL GAMBLING,6
EDEN,2022-01-01,RAPE,4
SASA,2022-01-01,PHYSICAL INJURY,22
BAGANIHAN,2022-01-01,MURDER,19
MARAPANGI,2022-01-01,BURGLARY,17
BARANGAY 19-B,2022-01-01,THEFT,5
BARANGAY 32-D,2022-01-01,MURDER,17
DUMOY,2022-01-01,MURDER,9
BINUGAO,2022-01-01,RAPE,7
BARANGAY 9-A,2022-01-01,ROBBERY,14
MANUEL GUIANGA,2022-01-01,MURDER,18
ACACIA,2022-01-01,BURGLARY,19
PANACAN,2022-01-01,CARNAPPING,6
BAGO APLAYA,2022-01-01,MURDER,17
BARANGAY 2-A,2022-01-01,ROBBERY,13
BARANGAY 18-B,2022-01-01,VANDALISM,1
LASANG,2022-02-01,ILLEGAL POSSESSION OF FIREARMS,3
BAGO GALLERA,2022-02-01,BURGLARY,11
BALIOK,2022-02-01,CARNAPPING,21
BARANGAY 14-B,2022-02-01,CARNAPPING,12
SUBASTA,2022-02-01,ILLEGAL GAMBLING,11
TAMUGAN,2022-02-01,MURDER,20
BAGO OSHIRO,2022-02-01,THEFT,12
MAPI-ILA,2022-02-01,THEFT,8
BALIOK,2022-02-01,PHYSICAL INJURY,10
74-A MATINA CROSSING,2022-02-01,VANDALISM,4
LASANG,2022-02-01,HOMICIDE,12
BANTOL,2022-02-01,MURDER,22
BARANGAY 3-A,2022-02-01,CHILD ABUSE,16
ILANG,2022-02-01,PHYSICAL INJURY,11
DUMOY,2022-02-01,CARNAPPING,23
SIRIB,2022-02-01,DRUG-RELATED,9
SALOY,2022-02-01,HOMICIDE,2
MAA,2022-02-01,ROBBERY,24
TIGATTO,2022-02-01,DRUG-RELATED,11
BARANGAY 2-A,2022-02-01,CARNAPPING,22
GUMITAN,2022-02-01,BURGLARY,20
LACSON,2022-02-01,VANDALISM,16
MANUEL GUIANGA,2022-02-01,CARNAPPING,10
BARANGAY 19-B,2022-02-01,THEFT,10
LOS AMIGOS,2022-02-01,ILLEGAL GAMBLING,15
BARANGAY 3-A,2022-02-01,ILLEGAL POSSESSION OF FIREARMS,2
MARILOG,2022-02-01,BURGLARY,13
BUDA,2022-02-01,VANDALISM,21
COMMUNAL,2022-02-01,CARNAPPING,15
BARANGAY 38-D,2022-02-01,CHILD ABUSE,3
40-D BOLTON ISLA,2022-02-01,CARNAPPING,24
BINUGAO,2022-02-01,ILLEGAL POSSESSION OF FIREARMS,9
MULIG,2022-02-01,THEFT,7
COMMUNAL,2022-02-01,HOMICIDE,13
BARANGAY 26-C,2022-02-01,CHILD ABUSE,5
BARANGAY 27-C,2022-02-01,BURGLARY,20
BARANGAY 27-C,2022-02-01,MURDER,11
74-A MATINA CROSSING,2022-02-01,HOMICIDE,10
TORIL,2022-02-01,DRUG-RELATED,12
MAA,2022-02-01,DRUG-RELATED,23
BARANGAY 23-C,2022-02-01,DRUG-RELATED,16
SALOY,2022-02-01,PHYSICAL INJURY,17
TALOMO RIVER,2022-02-01,ROBBERY,10
TIGATTO,2022-02-01,ROBBERY,17
RIVERSIDE,2022-02-01,CHILD ABUSE,7
MARILOG,2022-02-01,THEFT,4
BUHANGIN,2022-02-01,ILLEGAL GAMBLING,11
CATALUNAN PEQUENO,2022-02-01,ILLEGAL POSSESSION OF FIREARMS,3
LAMANAN,2022-02-01,ILLEGAL POSSESSION OF FIREARMS,10
BARANGAY 39-D,2022-02-01,ILLEGAL POSSESSION OF FIREARMS,5
MANDUG,2022-02-01,HOMICIDE,17
SALAYSAY,2022-02-01,THEFT,12
BAO JOAQUIN,2022-02-01,VANDALISM,9
DUMOY,2022-02-01,ILLEGAL GAMBLING,20
BARANGAY 13-B,2022-02-01,ILLEGAL GAMBLING,23
PANALUM,2022-02-01,PHYSICAL INJURY,10
SALUMAY,2022-02-01,HOMICIDE,22
CARMEN,2022-02-01,ILLEGAL POSSESSION OF FIREARMS,3
BAGO GALLERA,2022-02-01,MURDER,15
TIBULOY,2022-02-01,CHILD ABUSE,16
BAO ESCUELA,2022-02-01,CHILD ABUSE,11
PAMPANGA,2022-02-01,VANDALISM,16
BAGUIO PROPER,2022-02-01,CHILD ABUSE,10
BAGO OSHIRO,2022-02-01,THEFT,23
WANGAN,2022-02-01,VANDALISM,17
BARANGAY 22-C,2022-02-01,THEFT,10
BUHANGIN,2022-02-01,ROBBERY,13
BARANGAY 14-B,2022-02-01,CARNAPPING,24
MALABOG,2022-02-01,CHILD ABUSE,10
MATINA APLAYA,2022-02-01,DRUG-RELATED,7
BAO ESCUELA,2022-03-01,VANDALISM,3
MALABOG,2022-03-01,ILLEGAL POSSESSION OF FIREARMS,8
MATINA CROSSING,2022-03-01,MURDER,24
ILANG,2022-03-01,RAPE,10
TUNGKALAN,2022-03-01,THEFT,20
SUAWAN,2022-03-01,MURDER,14
TIBULOY,2022-03-01,ILLEGAL POSSESSION OF FIREARMS,13
DUTERTE,2022-03-01,THEFT,24
MARILOG,2022-03-01,VANDALISM,17
TALOMO RIVER,2022-03-01,HOMICIDE,5
SAN ANTONIO,2022-03-01,HOMICIDE,15
AGDAO PROPER,2022-03-01,THEFT,7
ALAMBRE,2022-03-01,VANDALISM,20
TALOMO,2022-03-01,ILLEGAL GAMBLING,6
SUBASTA,2022-03-01,DRUG-RELATED,20
VICENTE HIZON,2022-03-01,VANDALISM,13
BAGUIO PROPER,2022-03-01,THEFT,1
MARILOG,2022-03-01,VANDALISM,5
CARMEN,2022-03-01,BURGLARY,5
LOS AMIGOS,2022-03-01,HOMICIDE,23
BAGO APLAYA,2022-03-01,PHYSICAL INJURY,21
SANTO NINO,2022-03-01,DRUG-RELATED,10
MANDUG,2022-03-01,ROBBERY,21
WAAN,2022-03-01,DRUG-RELATED,23
PANACAN,2022-03-01,PHYSICAL INJURY,24
BALIOK,2022-03-01,CARNAPPING,17
BARANGAY 3-A,2022-03-01,PHYSICAL INJURY,4
EDEN,2022-03-01,VANDALISM,12
ILANG,2022-03-01,CHILD ABUSE,4
WAAN,2022-03-01,CHILD ABUSE,17
VICENTE HIZON,2022-03-01,CHILD ABUSE,18
BARANGAY 17-B,2022-03-01,RAPE,19
WAAN,2022-03-01,MURDER,2
BAGO APLAYA,2022-03-01,CHILD ABUSE,24
BUHANGIN,2022-03-01,MURDER,23
BAYABAS,2022-03-01,ILLEGAL POSSESSION OF FIREARMS,4
MARAPANGI,2022-03-01,MURDER,23
WINES,2022-03-01,BURGLARY,4
LASANG,2022-03-01,HOMICIDE,9
SUAWAN,2022-03-01,ILLEGAL POSSESSION OF FIREARMS,24
EDEN,2022-03-01,CHILD ABUSE,23
40-D BOLTON ISLA,2022-03-01,CHILD ABUSE,11
PAMPANGA,2022-03-01,HOMICIDE,17
CARMEN,2022-03-01,PHYSICAL INJURY,13
CATALUNAN PEQUENO,2022-03-01,ILLEGAL GAMBLING,17
BARANGAY 19-B,2022-03-01,HOMICIDE,12
TIBULOY,2022-03-01,RAPE,9
DUMOY,2022-03-01,BURGLARY,24
BARANGAY 32-D,2022-03-01,THEFT,16
BARANGAY 32-D,2022-03-01,BURGLARY,10
TUNGKALAN,2022-03-01,ROBBERY,3
ULAS,2022-03-01,MURDER,16
MATINA CROSSING,2022-03-01,CARNAPPING,24
MARAPANGI,2022-03-01,ROBBERY,24
BARANGAY 37-D,2022-03-01,VANDALISM,18
PANACAN,2022-03-01,MURDER,3
BARANGAY 5-A,2022-03-01,BURGLARY,8
ANGALAN,2022-03-01,RAPE,7
74-A MATINA CROSSING,2022-03-01,THEFT,24
SALAYSAY,2022-03-01,CHILD ABUSE,17
MINTAL,2022-03-01,MURDER,14
ANGALAN,2022-03-01,HOMICIDE,18
MINTAL,2022-03-01,CARNAPPING,7
MULIG,2022-03-01,VANDALISM,14
SANTO NINO,2022-03-01,PHYSICAL INJURY,21
BUNAWAN,2022-03-01,PHYSICAL INJURY,10
INDANGAN,2022-03-01,VANDALISM,21
LUBOGAN,2022-03-01,ILLEGAL GAMBLING,7
ALFONSO ANGLIONGTO SR,2022-03-01,BURGLARY,4
TIBULOY,2022-03-01,CARNAPPING,3
BARANGAY 13-B,2022-04-01,VANDALISM,21
WANGAN,2022-04-01,RAPE,20
TALANDANG,2022-04-01,THEFT,23
WAAN,2022-04-01,DRUG-RELATED,6
TIBULOY,2022-04-01,ILLEGAL GAMBLING,24
PANACAN,2022-04-01,CHILD ABUSE,17
ILANG,2022-04-01,VANDALISM,24
MARAPANGI,2022-04-01,VANDALISM,4
BARANGAY 22-C,2022-04-01,BURGLARY,22
TAMAYONG,2022-04-01,ROBBERY,10
BARANGAY 3-A,2022-04-01,ROBBERY,15
MABUHAY,2022-04-01,MURDER,19
LAPU-LAPU,2022-04-01,THEFT,13
TORIL,2022-04-01,PHYSICAL INJURY,4
MARAPANGI,2022-04-01,CHILD ABUSE,3
BAGUIO PROPER,2022-04-01,BURGLARY,11
LAMANAN,2022-04-01,THEFT,13
BARANGAY 28-C,2022-04-01,ILLEGAL GAMBLING,18
MARAPANGI,2022-04-01,CARNAPPING,4
ULAS,2022-04-01,THEFT,15
BANTOL,2022-04-01,RAPE,5
BARANGAY 37-D,2022-04-01,RAPE,16
BUNAWAN,2022-04-01,CHILD ABUSE,5
LAPU-LAPU,2022-04-01,PHYSICAL INJURY,12
CATALUNAN GRANDE,2022-04-01,VANDALISM,23
MAPI-ILA,2022-04-01,THEFT,20
PANACAN,2022-04-01,ROBBERY,3
CATALUNAN GRANDE,2022-04-01,THEFT,3
LUBOGAN,2022-04-01,ILLEGAL GAMBLING,9
PACIANO BANGOY,2022-04-01,VANDALISM,8
ALAMBRE,2022-04-01,THEFT,16
BARANGAY 19-B,2022-04-01,CHILD ABUSE,10
BAGO APLAYA,2022-04-01,BURGLARY,22
76-A BUCANA,2022-04-01,RAPE,8
MINTAL,2022-04-01,CARNAPPING,24
BARANGAY 11-A,2022-04-01,CHILD ABUSE,21
TOMAS MONTEVERDE,2022-04-01,CARNAPPING,4
LAPU-LAPU,2022-04-01,RAPE,20
BARANGAY 26-C,2022-04-01,VANDALISM,3
MATINA PANGI,2022-04-01,BURGLARY,5
TUGBOK,2022-04-01,RAPE,18
MATINA APLAYA,2022-04-01,MURDER,11
ULAS,2022-04-01,VANDALISM,17
MAHAYAG,2022-04-01,VANDALISM,1
SALAYSAY,2022-04-01,HOMICIDE,22
WANGAN,2022-04-01,ROBBERY,17
BUDA,2022-04-01,HOMICIDE,24
BARANGAY 17-B,2022-04-01,BURGLARY,5
40-D BOLTON ISLA,2022-04-01,PHYSICAL INJURY,7
MANDUG,2022-04-01,ILLEGAL GAMBLING,3
LIZADA,2022-04-01,RAPE,11
CATALUNAN PEQUENO,2022-04-01,RAPE,2
TUGBOK,2022-04-01,BURGLARY,23
MALAGOS,2022-04-01,ILLEGAL POSSESSION OF FIREARMS,9
BARANGAY 13-B,2022-04-01,ILLEGAL GAMBLING,17
BANTOL,2022-04-01,ROBBERY,10
WANGAN,2022-04-01,ILLEGAL POSSESSION OF FIREARMS,3
GUMITAN,2022-04-01,ROBBERY,4
MAA,2022-04-01,PHYSICAL INJURY,20
TAMUGAN,2022-04-01,THEFT,24
MINTAL,2022-04-01,ILLEGAL GAMBLING,2
MAA,2022-04-01,CARNAPPING,10
CATALUNAN PEQUENO,2022-04-01,DRUG-RELATED,17
VICENTE HIZON,2022-04-01,CARNAPPING,3
BARANGAY 20-B,2022-04-01,HOMICIDE,17
TACUNAN,2022-04-01,RAPE,17
MAGSAYSAY,2022-04-01,THEFT,18
ILANG,2022-04-01,PHYSICAL INJURY,18
TORIL,2022-04-01,RAPE,1
MATINA PANGI,2022-04-01,THEFT,9
BUNAWAN,2022-05-01,PHYSICAL INJURY,12
CARMEN,2022-05-01,THEFT,2
BARANGAY 27-C,2022-05-01,RAPE,1
COMMUNAL,2022-05-01,ILLEGAL POSSESSION OF FIREARMS,12
ACACIA,2022-05-01,DRUG-RELATED,16
CATIGAN,2022-05-01,ILLEGAL POSSESSION OF FIREARMS,20
WANGAN,2022-05-01,HOMICIDE,10
MAA,2022-05-01,ROBBERY,8
PACIANO BANGOY,2022-05-01,ILLEGAL POSSESSION OF FIREARMS,1
WAAN,2022-05-01,DRUG-RELATED,7
CENTRO SAN JUAN,2022-05-01,HOMICIDE,21
CARMEN,2022-05-01,ROBBERY,23
BARANGAY 38-D,2022-05-01,CHILD ABUSE,7
PACIANO BANGOY,2022-05-01,CHILD ABUSE,20
CARMEN,2022-05-01,DRUG-RELATED,17
RIVERSIDE,2022-05-01,DRUG-RELATED,5
GUMITAN,2022-05-01,ROBBERY,11
SALAPAWAN,2022-05-01,THEFT,24
BUHANGIN,2022-05-01,HOMICIDE,24
TAMUGAN,2022-05-01,CARNAPPING,14
BARANGAY 32-D,2022-05-01,PHYSICAL INJURY,3
ACACIA,2022-05-01,VANDALISM,9
BARANGAY 14-B,2022-05-01,DRUG-RELATED,14
PANALUM,2022-05-01,VANDALISM,17
PANALUM,2022-05-01,ROBBERY,14
BARANGAY 17-B,2022-05-01,PHYSICAL INJURY,16
BAGO APLAYA,2022-05-01,BURGLARY,14
ALFONSO ANGLIONGTO SR,2022-05-01,MURDER,8
PANALUM,2022-05-01,THEFT,14
ULAS,2022-05-01,ILLEGAL GAMBLING,22
BUDA,2022-05-01,MURDER,8
BARANGAY 26-C,2022-05-01,BURGLARY,4
FATIMA,2022-05-01,CARNAPPING,21
SALAPAWAN,2022-05-01,THEFT,24
DUMOY,2022-05-01,MURDER,5
BARANGAY 8-A,2022-05-01,VANDALISM,5
74-A MATINA CROSSING,2022-05-01,PHYSICAL INJURY,11
MAGSAYSAY,2022-05-01,PHYSICAL INJURY,9
BAYABAS,2022-05-01,CARNAPPING,22
SALAPAWAN,2022-05-01,MURDER,2
BARANGAY 20-B,2022-05-01,ILLEGAL GAMBLING,24
BARANGAY 32-D,2022-05-01,MURDER,22
WINES,2022-05-01,VANDALISM,1
TALANDANG,2022-05-01,HOMICIDE,21
SUAWAN,2022-05-01,BURGLARY,21
TIBUNGCO,2022-05-01,BURGLARY,19
TORIL,2022-05-01,DRUG-RELATED,24
BARANGAY 13-B,2022-05-01,CHILD ABUSE,10
CATIGAN,2022-05-01,THEFT,20
SAN ISIDRO,2022-05-01,ILLEGAL GAMBLING,15
SIRIB,2022-05-01,BURGLARY,10
LOS AMIGOS,2022-05-01,ILLEGAL POSSESSION OF FIREARMS,10
BARANGAY 14-B,2022-05-01,PHYSICAL INJURY,4
BARANGAY 17-B,2022-05-01,RAPE,15
LOS AMIGOS,2022-05-01,ROBBERY,11
BUDA,2022-05-01,CHILD ABUSE,24
MATINA PANGI,2022-05-01,HOMICIDE,18
ALAMBRE,2022-05-01,RAPE,19
74-A MATINA CROSSING,2022-05-01,HOMICIDE,24
LIZADA,2022-05-01,PHYSICAL INJURY,16
WANGAN,2022-05-01,CARNAPPING,12
MATINA CROSSING,2022-05-01,VANDALISM,11
ANGALAN,2022-05-01,BURGLARY,7
ACACIA,2022-05-01,ROBBERY,19
TIGATTO,2022-05-01,CARNAPPING,23
BUDA,2022-05-01,PHYSICAL INJURY,19
BARANGAY 39-D,2022-05-01,PHYSICAL INJURY,19
SASA,2022-05-01,CARNAPPING,14
MATINA CROSSING,2022-05-01,HOMICIDE,6
MALAGOS,2022-05-01,CHILD ABUSE,18
FATIMA,2022-06-01,PHYSICAL INJURY,18
PAQUIBATO,2022-06-01,DRUG-RELATED,12
CATALUNAN GRANDE,2022-06-01,MURDER,15
PACIANO BANGOY,2022-06-01,VANDALISM,8
SIRIB,2022-06-01,PHYSICAL INJURY,13
TALANDANG,2022-06-01,BURGLARY,15
BUNAWAN,2022-06-01,THEFT,2
TOMAS MONTEVERDE,2022-06-01,HOMICIDE,13
MAGSAYSAY,2022-06-01,MURDER,13
40-D BOLTON ISLA,2022-06-01,ILLEGAL POSSESSION OF FIREARMS,18
AQUINO,2022-06-01,RAPE,23
BAGO OSHIRO,2022-06-01,MURDER,10
AGDAO PROPER,2022-06-01,RAPE,10
NEW VALENCIA,2022-06-01,MURDER,20
BARANGAY 26-C,2022-06-01,MURDER,11
PANALUM,2022-06-01,MURDER,5
CARMEN,2022-06-01,MURDER,5
BARANGAY 37-D,2022-06-01,CARNAPPING,4
ANGALAN,2022-06-01,HOMICIDE,23
ALAMBRE,2022-06-01,MURDER,16
AQUINO,2022-06-01,CARNAPPING,24
AGDAO PROPER,2022-06-01,ILLEGAL GAMBLING,23
MANUEL GUIANGA,2022-06-01,ILLEGAL POSSESSION OF FIREARMS,7
BARANGAY 39-D,2022-06-01,ILLEGAL GAMBLING,16
BARANGAY 14-B,2022-06-01,BURGLARY,9
BALIOK,2022-06-01,VANDALISM,24
PANALUM,2022-06-01,RAPE,23
BARANGAY 9-A,2022-06-01,ILLEGAL POSSESSION OF FIREARMS,17
MULIG,2022-06-01,RAPE,23
BARANGAY 2-A,2022-06-01,ILLEGAL GAMBLING,15
SUBASTA,2022-06-01,ILLEGAL POSSESSION OF FIREARMS,2
CALINAN,2022-06-01,DRUG-RELATED,24
VICENTE HIZON,2022-06-01,MURDER,15
MAPI-ILA,2022-06-01,RAPE,13
BARANGAY 11-A,2022-06-01,MURDER,23
SIRIB,2022-06-01,RAPE,9
TAPAK,2022-06-01,THEFT,10
MALAGOS,2022-06-01,CARNAPPING,12
PAMPANGA,2022-06-01,HOMICIDE,24
MATINA PANGI,2022-06-01,DRUG-RELATED,9
TAMUGAN,2022-06-01,DRUG-RELATED,4
BARANGAY 18-B,2022-06-01,CHILD ABUSE,18
PANALUM,2022-06-01,DRUG-RELATED,8
PANACAN,2022-06-01,THEFT,11
BAO JOAQUIN,2022-06-01,MURDER,2
BARANGAY 17-B,2022-06-01,ROBBERY,19
BALIOK,2022-06-01,ILLEGAL POSSESSION OF FIREARMS,14
SALAPAWAN,2022-06-01,RAPE,5
SAN ANTONIO,2022-06-01,DRUG-RELATED,19
BARANGAY 27-C,2022-06-01,ILLEGAL GAMBLING,23
FATIMA,2022-06-01,VANDALISM,18
RIVERSIDE,2022-06-01,MURDER,17
COMMUNAL,2022-06-01,ROBBERY,21
40-D BOLTON ISLA,2022-06-01,ILLEGAL POSSESSION OF FIREARMS,14
MALAGOS,2022-06-01,THEFT,4
TOMAS MONTEVERDE,2022-06-01,DRUG-RELATED,24
MAHAYAG,2022-06-01,CARNAPPING,15
BARANGAY 13-B,2022-06-01,ROBBERY,14
BARANGAY 28-C,2022-06-01,BURGLARY,13
MALAGOS,2022-06-01,CARNAPPING,3
NEW VALENCIA,2022-06-01,ILLEGAL POSSESSION OF FIREARMS,13
BAYABAS,2022-06-01,RAPE,11
PANALUM,2022-06-01,PHYSICAL INJURY,24
BARANGAY 27-C,2022-06-01,ROBBERY,11
BARANGAY 13-B,2022-06-01,HOMICIDE,9
DALIAO,2022-06-01,DRUG-RELATED,4
TOMAS MONTEVERDE,2022-06-01,THEFT,24
SIRIB,2022-06-01,VANDALISM,16
BARANGAY 37-D,2022-06-01,ILLEGAL GAMBLING,7
MANDUG,2022-06-01,THEFT,22
BALIOK,2022-07-01,MURDER,2
WAAN,2022-07-01,PHYSICAL INJURY,15
BARANGAY 32-D,2022-07-01,CHILD ABUSE,18
TALOMO RIVER,2022-07-01,ILLEGAL POSSESSION OF FIREARMS,4
SALUMAY,2022-07-01,BURGLARY,7
MULIG,2022-07-01,HOMICIDE,22
TAPAK,2022-07-01,DRUG-RELATED,8
ALFONSO ANGLIONGTO SR,2022-07-01,HOMICIDE,10
FATIMA,2022-07-01,VANDALISM,10
CABANTIAN,2022-07-01,CHILD ABUSE,22
SALAPAWAN,2022-07-01,ROBBERY,10
TOMAS MONTEVERDE,2022-07-01,VANDALISM,9
TIGATTO,2022-07-01,THEFT,16
PAQUIBATO,2022-07-01,RAPE,5
ALFONSO ANGLIONGTO SR,2022-07-01,CARNAPPING,8
BARANGAY 37-D,2022-07-01,ILLEGAL GAMBLING,20
MATINA APLAYA,2022-07-01,CARNAPPING,1
PAMPANGA,2022-07-01,HOMICIDE,23
ILANG,2022-07-01,RAPE,20
74-A MATINA CROSSING,2022-07-01,BURGLARY,7
TORIL,2022-07-01,VANDALISM,20
CATALUNAN PEQUENO,2022-07-01,MURDER,22
PANACAN,2022-07-01,CARNAPPING,8
76-A BUCANA,2022-07-01,CARNAPPING,6
BARANGAY 14-B,2022-07-01,CARNAPPING,23
BAGUIO PROPER,2022-07-01,VANDALISM,7
TACUNAN,2022-07-01,RAPE,9
BARANGAY 32-D,2022-07-01,ILLEGAL GAMBLING,20
PAQUIBATO,2022-07-01,THEFT,8
CENTRO SAN JUAN,2022-07-01,RAPE,21
PACIANO BANGOY,2022-07-01,ILLEGAL POSSESSION OF FIREARMS,3
BARANGAY 8-A,2022-07-01,THEFT,7
LOS AMIGOS,2022-07-01,MURDER,13
BUNAWAN,2022-07-01,PHYSICAL INJURY,8
BAGO OSHIRO,2022-07-01,HOMICIDE,9
DUMOY,2022-07-01,MURDER,11
ALFONSO ANGLIONGTO SR,2022-07-01,RAPE,12
BUDA,2022-07-01,RAPE,4
TUNGKALAN,2022-07-01,CARNAPPING,12
MANDUG,2022-07-01,CHILD ABUSE,13
BINUGAO,2022-07-01,ILLEGAL POSSESSION OF FIREARMS,11
PACIANO BANGOY,2022-07-01,PHYSICAL INJURY,21
CARMEN,2022-07-01,THEFT,13
BARANGAY 20-B,2022-07-01,HOMICIDE,9
BARANGAY 18-B,2022-07-01,ILLEGAL GAMBLING,24
BINUGAO,2022-07-01,VANDALISM,17
SASA,2022-07-01,CHILD ABUSE,2
TALOMO,2022-07-01,ILLEGAL GAMBLING,9
FATIMA,2022-07-01,THEFT,12
BUNAWAN,2022-07-01,PHYSICAL INJURY,11
SUAWAN,2022-07-01,THEFT,20
DUTERTE,2022-07-01,RAPE,6
GUMITAN,2022-07-01,HOMICIDE,10
BAGANIHAN,2022-07-01,ILLEGAL GAMBLING,17
CAWAYAN,2022-07-01,MURDER,3
TACUNAN,2022-07-01,PHYSICAL INJURY,20
CATALUNAN PEQUENO,2022-07-01,PHYSICAL INJURY,3
BARANGAY 18-B,2022-07-01,VANDALISM,11
CABANTIAN,2022-07-01,CARNAPPING,17
TORIL,2022-07-01,ILLEGAL GAMBLING,12
TAMBOBONG,2022-07-01,VANDALISM,13
ANGALAN,2022-07-01,RAPE,6
BARANGAY 23-C,2022-07-01,ILLEGAL GAMBLING,23
TORIL,2022-07-01,CARNAPPING,7
RIVERSIDE,2022-07-01,CARNAPPING,1
MAGSAYSAY,2022-07-01,CARNAPPING,14
ACACIA,2022-07-01,HOMICIDE,9
MANDUG,2022-07-01,BURGLARY,9
76-A BUCANA,2022-07-01,ILLEGAL POSSESSION OF FIREARMS,15
TUGBOK,2022-07-01,MURDER,11
ALAMBRE,2022-08-01,DRUG-RELATED,19
TALOMO,2022-08-01,HOMICIDE,21
40-D BOLTON ISLA,2022-08-01,CHILD ABUSE,23
MALABOG,2022-08-01,ILLEGAL POSSESSION OF FIREARMS,18
MINTAL,2022-08-01,BURGLARY,9
TIBUNGCO,2022-08-01,ILLEGAL POSSESSION OF FIREARMS,6
BALIOK,2022-08-01,MURDER,1
BARANGAY 17-B,2022-08-01,DRUG-RELATED,21
CATALUNAN PEQUENO,2022-08-01,RAPE,12
PAMPANGA,2022-08-01,DRUG-RELATED,10
BAO JOAQUIN,2022-08-01,BURGLARY,13
SALAPAWAN,2022-08-01,DRUG-RELATED,19
SALAYSAY,2022-08-01,CARNAPPING,7
MAHAYAG,2022-08-01,CHILD ABUSE,15
EDEN,2022-08-01,THEFT,21
BAGO GALLERA,2022-08-01,BURGLARY,13
SIRIB,2022-08-01,ILLEGAL GAMBLING,7
ILANG,2022-08-01,ROBBERY,16
BARANGAY 27-C,2022-08-01,HOMICIDE,6
ALFONSO ANGLIONGTO SR,2022-08-01,DRUG-RELATED,19
PANACAN,2022-08-01,CHILD ABUSE,23
BARANGAY 3-A,2022-08-01,ILLEGAL GAMBLING,4
MATINA APLAYA,2022-08-01,MURDER,14
MAGTUOD,2022-08-01,ROBBERY,9
CENTRO SAN JUAN,2022-08-01,BURGLARY,24
EDEN,2022-08-01,THEFT,22
CABANTIAN,2022-08-01,RAPE,24
PANALUM,2022-08-01,THEFT,21
TALOMO RIVER,2022-08-01,PHYSICAL INJURY,22
BAO ESCUELA,2022-08-01,ILLEGAL GAMBLING,3
NEW VALENCIA,2022-08-01,BURGLARY,15
MAPI-ILA,2022-08-01,ROBBERY,4
MALAGOS,2022-08-01,ILLEGAL POSSESSION OF FIREARMS,12
BARANGAY 18-B,2022-08-01,BURGLARY,2
ALFONSO ANGLIONGTO SR,2022-08-01,MURDER,23
WANGAN,2022-08-01,BURGLARY,3
SALUMAY,2022-08-01,CARNAPPING,7
LIZADA,2022-08-01,MURDER,5
BARANGAY 20-B,2022-08-01,HOMICIDE,22
SANTO NINO,2022-08-01,CARNAPPING,7
74-A MATINA CROSSING,2022-08-01,RAPE,9
CATALUNAN PEQUENO,2022-08-01,ROBBERY,13
BARANGAY 32-D,2022-08-01,CHILD ABUSE,16
SALAYSAY,2022-08-01,ILLEGAL POSSESSION OF FIREARMS,8
SALAPAWAN,2022-08-01,MURDER,20
LACSON,2022-08-01,MURDER,7
TUGBOK,2022-08-01,ILLEGAL GAMBLING,9
MATINA PANGI,2022-08-01,ROBBERY,21
BARANGAY 11-A,2022-08-01,BURGLARY,6
EDEN,2022-08-01,MURDER,13
GUMITAN,2022-08-01,ILLEGAL GAMBLING,1
BARANGAY 22-C,2022-08-01,ILLEGAL GAMBLING,18
EDEN,2022-08-01,MURDER,14
BAGO GALLERA,2022-08-01,RAPE,14
TAMBOBONG,2022-08-01,DRUG-RELATED,3
MAPI-ILA,2022-08-01,DRUG-RELATED,23
BAGANIHAN,2022-08-01,PHYSICAL INJURY,16
ALAMBRE,2022-08-01,HOMICIDE,20
AQUINO,2022-08-01,CARNAPPING,7
MANUEL GUIANGA,2022-08-01,RAPE,12
INDANGAN,2022-08-01,VANDALISM,3
BUDA,2022-08-01,HOMICIDE,14
BAGUIO PROPER,2022-08-01,VANDALISM,4
BARANGAY 18-B,2022-08-01,VANDALISM,20
DUMOY,2022-08-01,DRUG-RELATED,20
INDANGAN,2022-08-01,PHYSICAL INJURY,6
CATALUNAN PEQUENO,2022-08-01,DRUG-RELATED,1
LUBOGAN,2022-08-01,PHYSICAL INJURY,6
BARANGAY 18-B,2022-08-01,VANDALISM,6
DUTERTE,2022-08-01,ILLEGAL POSSESSION OF FIREARMS,2
BARANGAY 2-A,2022-09-01,RAPE,22
TAMUGAN,2022-09-01,DRUG-RELATED,14
BAGO GALLERA,2022-09-01,VANDALISM,13
INDANGAN,2022-09-01,ILLEGAL GAMBLING,20
EDEN,2022-09-01,MURDER,22
LACSON,2022-09-01,CHILD ABUSE,9
MAPI-ILA,2022-09-01,CARNAPPING,4
LOS AMIGOS,2022-09-01,CARNAPPING,17
MARILOG,2022-09-01,DRUG-RELATED,24
PANALUM,2022-09-01,CHILD ABUSE,21
MAPI-ILA,2022-09-01,THEFT,24
MATINA CROSSING,2022-09-01,ILLEGAL POSSESSION OF FIREARMS,1
LAMANAN,2022-09-01,HOMICIDE,10
ULAS,2022-09-01,DRUG-RELATED,4
MAA,2022-09-01,DRUG-RELATED,5
MINTAL,2022-09-01,CHILD ABUSE,3
BARANGAY 39-D,2022-09-01,ROBBERY,4
ULAS,2022-09-01,HOMICIDE,15
BARANGAY 28-C,2022-09-01,CARNAPPING,4
SALOY,2022-09-01,DRUG-RELATED,3
BARANGAY 26-C,2022-09-01,ILLEGAL GAMBLING,1
BARANGAY 10-A,2022-09-01,MURDER,9
MATINA APLAYA,2022-09-01,RAPE,19
AQUINO,2022-09-01,ROBBERY,24
BALENGAENG,2022-09-01,ILLEGAL POSSESSION OF FIREARMS,14
GUMITAN,2022-09-01,PHYSICAL INJURY,8
CATALUNAN PEQUENO,2022-09-01,ILLEGAL POSSESSION OF FIREARMS,4
TALOMO RIVER,2022-09-01,CHILD ABUSE,10
MATINA APLAYA,2022-09-01,ILLEGAL POSSESSION OF FIREARMS,9
CENTRO SAN JUAN,2022-09-01,THEFT,9
BARANGAY 20-B,2022-09-01,CARNAPPING,23
AQUINO,2022-09-01,CHILD ABUSE,9
BARANGAY 18-B,2022-09-01,RAPE,2
BUHANGIN,2022-09-01,DRUG-RELATED,1
BARANGAY 8-A,2022-09-01,RAPE,16
BUDA,2022-09-01,DRUG-RELATED,2
GUMITAN,2022-09-01,CARNAPPING,12
CATIGAN,2022-09-01,ROBBERY,4
BARANGAY 39-D,2022-09-01,ROBBERY,18
76-A BUCANA,2022-09-01,ILLEGAL GAMBLING,12
ACACIA,2022-09-01,DRUG-RELATED,20
EDEN,2022-09-01,DRUG-RELATED,20
BARANGAY 11-A,2022-09-01,CHILD ABUSE,3
BARANGAY 23-C,2022-09-01,CHILD ABUSE,18
BARANGAY 27-C,2022-09-01,PHYSICAL INJURY,4
76-A BUCANA,2022-09-01,RAPE,9
BAGANIHAN,2022-09-01,CHILD ABUSE,20
LAMANAN,2022-09-01,ILLEGAL GAMBLING,1
PAMPANGA,2022-09-01,HOMICIDE,16
SAN ISIDRO,2022-09-01,ROBBERY,14
BUHANGIN,2022-09-01,CARNAPPING,15
CATALUNAN PEQUENO,2022-09-01,CARNAPPING,4
BARANGAY 11-A,2022-09-01,CHILD ABUSE,13
BAGO APLAYA,2022-09-01,BURGLARY,18
DUMOY,2022-09-01,ILLEGAL POSSESSION OF FIREARMS,22
LACSON,2022-09-01,CHILD ABUSE,10
TIGATTO,2022-09-01,HOMICIDE,6
BARANGAY 38-D,2022-09-01,THEFT,12
CENTRO SAN JUAN,2022-09-01,CHILD ABUSE,5
TORIL,2022-09-01,PHYSICAL INJURY,6
TAMBOBONG,2022-09-01,CARNAPPING,19
BARANGAY 13-B,2022-09-01,MURDER,3
BAYABAS,2022-09-01,MURDER,23
LIZADA,2022-09-01,CHILD ABUSE,17
CATALUNAN PEQUENO,2022-09-01,PHYSICAL INJURY,10
BARANGAY 39-D,2022-09-01,RAPE,13
CALINAN,2022-09-01,BURGLARY,22
MATINA CROSSING,2022-09-01,BURGLARY,17
BARANGAY 38-D,2022-09-01,ILLEGAL POSSESSION OF FIREARMS,1
TAGURANO,2022-09-01,RAPE,19
PANACAN,2022-10-01,CARNAPPING,5
CENTRO SAN JUAN,2022-10-01,MURDER,3
MARAPANGI,2022-10-01,ROBBERY,12
MARAPANGI,2022-10-01,ILLEGAL GAMBLING,4
TIBULOY,2022-10-01,BURGLARY,19
DALIAO,2022-10-01,HOMICIDE,24
BAGO APLAYA,2022-10-01,PHYSICAL INJURY,15
MANUEL GUIANGA,2022-10-01,BURGLARY,18
BARANGAY 28-C,2022-10-01,CHILD ABUSE,6
CABANTIAN,2022-10-01,ROBBERY,23
MAHAYAG,2022-10-01,ILLEGAL GAMBLING,23
SAN ANTONIO,2022-10-01,CHILD ABUSE,15
TAPAK,2022-10-01,CARNAPPING,15
BAGUIO PROPER,2022-10-01,BURGLARY,11
TIBUNGCO,2022-10-01,PHYSICAL INJURY,14
74-A MATINA CROSSING,2022-10-01,ROBBERY,3
AQUINO,2022-10-01,ILLEGAL POSSESSION OF FIREARMS,3
LIZADA,2022-10-01,VANDALISM,10
BARANGAY 8-A,2022-10-01,RAPE,11
MAPI-ILA,2022-10-01,ILLEGAL POSSESSION OF FIREARMS,2
BAO ESCUELA,2022-10-01,CHILD ABUSE,18
AGDAO PROPER,2022-10-01,MURDER,6
ACACIA,2022-10-01,VANDALISM,5
LASANG,2022-10-01,VANDALISM,18
EDEN,2022-10-01,ILLEGAL POSSESSION OF FIREARMS,16
LAMANAN,2022-10-01,CARNAPPING,16
CATALUNAN PEQUENO,2022-10-01,ILLEGAL GAMBLING,4
MAHAYAG,2022-10-01,ILLEGAL GAMBLING,9
BUHANGIN,2022-10-01,MURDER,2
BARANGAY 39-D,2022-10-01,CHILD ABUSE,6
WAAN,2022-10-01,MURDER,4
MATINA APLAYA,2022-10-01,CHILD ABUSE,12
BARANGAY 17-B,2022-10-01,MURDER,5
TIGATTO,2022-10-01,CARNAPPING,11
TACUNAN,2022-10-01,PHYSICAL INJURY,7
MAPI-ILA,2022-10-01,MURDER,6
WAAN,2022-10-01,ROBBERY,18
MABUHAY,2022-10-01,ROBBERY,19
BANTOL,2022-10-01,VANDALISM,1
MATINA APLAYA,2022-10-01,DRUG-RELATED,18
BARANGAY 19-B,2022-10-01,CARNAPPING,8
BARANGAY 26-C,2022-10-01,PHYSICAL INJURY,4
MAGTUOD,2022-10-01,DRUG-RELATED,21
BARANGAY 5-A,2022-10-01,ROBBERY,6
CATIGAN,2022-10-01,MURDER,15
BINUGAO,2022-10-01,MURDER,18
BAYABAS,2022-10-01,ILLEGAL POSSESSION OF FIREARMS,17
BAGUIO PROPER,2022-10-01,ROBBERY,7
ILANG,2022-10-01,DRUG-RELATED,18
SALAYSAY,2022-10-01,CARNAPPING,1
WANGAN,2022-10-01,THEFT,22
TUNGKALAN,2022-10-01,BURGLARY,7
CALINAN,2022-10-01,ROBBERY,15
BARANGAY 17-B,2022-10-01,HOMICIDE,11
DALIAO,2022-10-01,CHILD ABUSE,2
BINUGAO,2022-10-01,MURDER,16
LAMANAN,2022-10-01,PHYSICAL INJURY,16
BAYABAS,2022-10-01,MURDER,20
SAN ISIDRO,2022-10-01,CHILD ABUSE,14
TALOMO,2022-10-01,DRUG-RELATED,22
MARAPANGI,2022-10-01,ILLEGAL GAMBLING,5
BAO JOAQUIN,2022-10-01,CARNAPPING,9
TUGBOK,2022-10-01,VANDALISM,19
DUMOY,2022-10-01,VANDALISM,5
GUMALANG,2022-10-01,RAPE,23
SUBASTA,2022-10-01,ILLEGAL GAMBLING,10
ALAMBRE,2022-10-01,MURDER,1
TIBULOY,2022-10-01,CARNAPPING,8
BARANGAY 19-B,2022-10-01,BURGLARY,13
BARANGAY 8-A,2022-10-01,CARNAPPING,19
TAGURANO,2022-11-01,CHILD ABUSE,23
TACUNAN,2022-11-01,VANDALISM,19
MAGTUOD,2022-11-01,RAPE,15
CARMEN,2022-11-01,BURGLARY,24
SALOY,2022-11-01,MURDER,22
BARANGAY 3-A,2022-11-01,VANDALISM,3
SALOY,2022-11-01,PHYSICAL INJURY,5
BANTOL,2022-11-01,ILLEGAL GAMBLING,12
LASANG,2022-11-01,THEFT,19
SALOY,2022-11-01,MURDER,1
DUTERTE,2022-11-01,DRUG-RELATED,9
BANTOL,2022-11-01,BURGLARY,24
DALIAO,2022-11-01,DRUG-RELATED,20
WANGAN,2022-11-01,BURGLARY,15
BALIOK,2022-11-01,DRUG-RELATED,18
BARANGAY 17-B,2022-11-01,BURGLARY,11
MANDUG,2022-11-01,MURDER,21
ULAS,2022-11-01,CHILD ABUSE,17
SIRIB,2022-11-01,HOMICIDE,10
SANTO NINO,2022-11-01,RAPE,17
SIRIB,2022-11-01,CARNAPPING,15
BARANGAY 3-A,2022-11-01,CARNAPPING,15
BARANGAY 18-B,2022-11-01,ILLEGAL POSSESSION OF FIREARMS,20
VICENTE HIZON,2022-11-01,THEFT,10
SANTO NINO,2022-11-01,RAPE,1
BARANGAY 5-A,2022-11-01,HOMICIDE,11
BANTOL,2022-11-01,DRUG-RELATED,20
BARANGAY 39-D,2022-11-01,ROBBERY,8
BARANGAY 5-A,2022-11-01,ILLEGAL GAMBLING,5
BAGANIHAN,2022-11-01,BURGLARY,17
BUNAWAN,2022-11-01,ILLEGAL GAMBLING,5
AGDAO PROPER,2022-11-01,CHILD ABUSE,6
TALOMO RIVER,2022-11-01,ILLEGAL POSSESSION OF FIREARMS,5
GUMALANG,2022-11-01,CHILD ABUSE,1
BARANGAY 14-B,2022-11-01,PHYSICAL INJURY,21
CATALUNAN PEQUENO,2022-11-01,HOMICIDE,2
BARANGAY 28-C,2022-11-01,ILLEGAL GAMBLING,17
TAGURANO,2022-11-01,HOMICIDE,8
BARANGAY 27-C,2022-11-01,MURDER,10
MARILOG,2022-11-01,CARNAPPING,9
TAMAYONG,2022-11-01,THEFT,15
SALOY,2022-11-01,VANDALISM,14
BARANGAY 20-B,2022-11-01,ILLEGAL GAMBLING,21
BALIOK,2022-11-01,ILLEGAL GAMBLING,12
BUHANGIN,2022-11-01,HOMICIDE,9
FATIMA,2022-11-01,ILLEGAL GAMBLING,2
RIVERSIDE,2022-11-01,PHYSICAL INJURY,15
RIVERSIDE,2022-11-01,CHILD ABUSE,1
MARAPANGI,2022-11-01,MURDER,7
BAO JOAQUIN,2022-11-01,CARNAPPING,9
WANGAN,2022-11-01,PHYSICAL INJURY,11
LASANG,2022-11-01,ILLEGAL GAMBLING,1
TAGURANO,2022-11-01,THEFT,17
MATINA APLAYA,2022-11-01,VANDALISM,8
BARANGAY 3-A,2022-11-01,CHILD ABUSE,23
BARANGAY 17-B,2022-11-01,ILLEGAL GAMBLING,18
CABANTIAN,2022-11-01,PHYSICAL INJURY,20
MINTAL,2022-11-01,CHILD ABUSE,11
MULIG,2022-11-01,HOMICIDE,9
SIRIB,2022-11-01,ILLEGAL POSSESSION OF FIREARMS,13
BARANGAY 5-A,2022-11-01,CARNAPPING,19
74-A MATINA CROSSING,2022-11-01,BURGLARY,9
SALAYSAY,2022-11-01,DRUG-RELATED,14
SASA,2022-11-01,THEFT,23
TALOMO,2022-11-01,THEFT,2
AQUINO,2022-11-01,CHILD ABUSE,16
BAO ESCUELA,2022-11-01,BURGLARY,4
BARANGAY 32-D,2022-11-01,MURDER,10
SASA,2022-11-01,RAPE,15
NEW VALENCIA,2022-11-01,ROBBERY,24
BARANGAY 28-C,2022-12-01,ROBBERY,14
GUMITAN,2022-12-01,ROBBERY,3
CATIGAN,2022-12-01,RAPE,14
SANTO NINO,2022-12-01,ROBBERY,22
MANUEL GUIANGA,2022-12-01,CHILD ABUSE,16
CAWAYAN,2022-12-01,THEFT,16
MANUEL GUIANGA,2022-12-01,CHILD ABUSE,6
BARANGAY 10-A,2022-12-01,DRUG-RELATED,14
CALINAN,2022-12-01,CHILD ABUSE,18
BUNAWAN,2022-12-01,THEFT,22
WAAN,2022-12-01,RAPE,8
BARANGAY 28-C,2022-12-01,DRUG-RELATED,24
BAO JOAQUIN,2022-12-01,ILLEGAL GAMBLING,21
MARAPANGI,2022-12-01,MURDER,18
SUAWAN,2022-12-01,MURDER,1
TUGBOK,2022-12-01,ILLEGAL GAMBLING,15
LIZADA,2022-12-01,ILLEGAL POSSESSION OF FIREARMS,17
ILANG,2022-12-01,VANDALISM,6
PACIANO BANGOY,2022-12-01,ILLEGAL GAMBLING,2
PANACAN,2022-12-01,CARNAPPING,23
TAMUGAN,2022-12-01,HOMICIDE,4
BAO JOAQUIN,2022-12-01,DRUG-RELATED,22
FATIMA,2022-12-01,ILLEGAL POSSESSION OF FIREARMS,13
VICENTE HIZON,2022-12-01,ILLEGAL GAMBLING,23
BARANGAY 17-B,2022-12-01,THEFT,11
BARANGAY 3-A,2022-12-01,PHYSICAL INJURY,23
BARANGAY 27-C,2022-12-01,DRUG-RELATED,12
VICENTE HIZON,2022-12-01,ILLEGAL POSSESSION OF FIREARMS,4
BALIOK,2022-12-01,DRUG-RELATED,20
NEW VALENCIA,2022-12-01,PHYSICAL INJURY,18
MATINA CROSSING,2022-12-01,VANDALISM,11
BARANGAY 11-A,2022-12-01,THEFT,21
BARANGAY 10-A,2022-12-01,RAPE,3
BAGUIO PROPER,2022-12-01,VANDALISM,3
74-A MATINA CROSSING,2022-12-01,PHYSICAL INJURY,6
SALUMAY,2022-12-01,VANDALISM,9
CATALUNAN GRANDE,2022-12-01,DRUG-RELATED,2
LACSON,2022-12-01,MURDER,24
GUMITAN,2022-12-01,PHYSICAL INJURY,7
BARANGAY 8-A,2022-12-01,ILLEGAL POSSESSION OF FIREARMS,1
VICENTE HIZON,2022-12-01,DRUG-RELATED,19
PAQUIBATO,2022-12-01,HOMICIDE,14
SALAPAWAN,2022-12-01,ILLEGAL GAMBLING,2
ILANG,2022-12-01,ILLEGAL POSSESSION OF FIREARMS,16
TAMBOBONG,2022-12-01,MURDER,22
PAMPANGA,2022-12-01,ROBBERY,16
MAGSAYSAY,2022-12-01,RAPE,22
MULIG,2022-12-01,CHILD ABUSE,6
TOMAS MONTEVERDE,2022-12-01,HOMICIDE,5
ALAMBRE,2022-12-01,RAPE,19
DUMOY,2022-12-01,HOMICIDE,8
TALANDANG,2022-12-01,HOMICIDE,22
TAMBOBONG,2022-12-01,ROBBERY,15
CENTRO SAN JUAN,2022-12-01,PHYSICAL INJURY,11
BARANGAY 9-A,2022-12-01,THEFT,3
MARILOG,2022-12-01,BURGLARY,1
WINES,2022-12-01,HOMICIDE,24
BINUGAO,2022-12-01,DRUG-RELATED,7
BUNAWAN,2022-12-01,MURDER,14
BUHANGIN,2022-12-01,HOMICIDE,22
CATALUNAN GRANDE,2022-12-01,THEFT,13
INDANGAN,2022-12-01,DRUG-RELATED,20
LUBOGAN,2022-12-01,RAPE,9
PANACAN,2022-12-01,ILLEGAL GAMBLING,22
SALUMAY,2022-12-01,DRUG-RELATED,11
BARANGAY 22-C,2022-12-01,BURGLARY,12
BAGO OSHIRO,2022-12-01,RAPE,23
BAYABAS,2022-12-01,HOMICIDE,21
TIBULOY,2022-12-01,THEFT,6
COMMUNAL,2022-12-01,ROBBERY,22
TALOMO,2023-01-01,ILLEGAL GAMBLING,21
BARANGAY 37-D,2023-01-01,PHYSICAL INJURY,20
ACACIA,2023-01-01,CHILD ABUSE,22
SUAWAN,2023-01-01,ROBBERY,9
SALUMAY,2023-01-01,ROBBERY,7
PAQUIBATO,2023-01-01,HACKING,17
MABUHAY,2023-01-01,THEFT,1
MAA,2023-01-01,HACKING,8
BARANGAY 11-A,2023-01-01,HOMICIDE,18
TALANDANG,2023-01-01,DRUG-RELATED,3
TALOMO,2023-01-01,VANDALISM,3
LUBOGAN,2023-01-01,IDENTITY THEFT,4
BARANGAY 5-A,2023-01-01,VANDALISM,3
TAMAYONG,2023-01-01,CYBER LIBEL,19
BARANGAY 20-B,2023-01-01,VANDALISM,20
SALAYSAY,2023-01-01,HACKING,12
AQUINO,2023-01-01,MURDER,15
PACIANO BANGOY,2023-01-01,CARNAPPING,19
SALUMAY,2023-01-01,ROBBERY,13
LUBOGAN,2023-01-01,VANDALISM,22
SUBASTA,2023-01-01,THEFT,22
MANUEL GUIANGA,2023-01-01,ILLEGAL POSSESSION OF FIREARMS,24
MAA,2023-01-01,CARNAPPING,16
BARANGAY 39-D,2023-01-01,CARNAPPING,17
CAWAYAN,2023-01-01,RAPE,10
BAO ESCUELA,2023-01-01,HACKING,7
LAMANAN,2023-01-01,ILLEGAL POSSESSION OF FIREARMS,18
LAPU-LAPU,2023-01-01,ONLINE SCAM,20
BAGO OSHIRO,2023-01-01,HACKING,22
TACUNAN,2023-01-01,DRUG-RELATED,3
SALUMAY,2023-01-01,ROBBERY,21
BALIOK,2023-01-01,ILLEGAL POSSESSION OF FIREARMS,14
LAPU-LAPU,2023-01-01,DRUG-RELATED,8
BUHANGIN,2023-01-01,ILLEGAL POSSESSION OF FIREARMS,1
MARILOG,2023-01-01,CARNAPPING,22
TAMBOBONG,2023-01-01,VANDALISM,19
TAPAK,2023-01-01,RAPE,7
AGDAO PROPER,2023-01-01,CHILD ABUSE,14
MARAPANGI,2023-01-01,PHYSICAL INJURY,22
MAA,2023-01-01,ONLINE SCAM,14
PANALUM,2023-01-01,DRUG-RELATED,6
ULAS,2023-01-01,RAPE,12
ILANG,2023-01-01,IDENTITY THEFT,19
SAN ANTONIO,2023-01-01,PHYSICAL INJURY,13
NEW VALENCIA,2023-01-01,CYBER LIBEL,13
BARANGAY 32-D,2023-01-01,ILLEGAL GAMBLING,13
SIRIB,2023-01-01,BURGLARY,8
SUAWAN,2023-01-01,ILLEGAL GAMBLING,7
76-A BUCANA,2023-01-01,MURDER,3
BARANGAY 10-A,2023-01-01,ILLEGAL GAMBLING,9
DUMOY,2023-01-01,DRUG-RELATED,1
NEW VALENCIA,2023-01-01,ILLEGAL GAMBLING,2
SANTO NINO,2023-01-01,RAPE,24
SIRIB,2023-01-01,DRUG-RELATED,18
BARANGAY 37-D,2023-01-01,ONLINE SCAM,23
MATINA APLAYA,2023-01-01,DRUG-RELATED,20
ALFONSO ANGLIONGTO SR,2023-01-01,HOMICIDE,5
COMMUNAL,2023-01-01,THEFT,20
76-A BUCANA,2023-01-01,CARNAPPING,7
LOS AMIGOS,2023-01-01,RAPE,2
SALAPAWAN,2023-01-01,CYBER LIBEL,6
ANGALAN,2023-01-01,ILLEGAL POSSESSION OF FIREARMS,18
MINTAL,2023-01-01,RAPE,14
BALENGAENG,2023-01-01,ILLEGAL POSSESSION OF FIREARMS,15
BUHANGIN,2023-01-01,RAPE,4
MALAGOS,2023-01-01,CARNAPPING,10
TUGBOK,2023-01-01,BURGLARY,24
BAYABAS,2023-01-01,MURDER,2
BARANGAY 13-B,2023-01-01,BURGLARY,6
BARANGAY 28-C,2023-01-01,IDENTITY THEFT,18
TAMUGAN,2023-02-01,ILLEGAL GAMBLING,7
BAO JOAQUIN,2023-02-01,MURDER,16
PANALUM,2023-02-01,PHYSICAL INJURY,7
CATALUNAN PEQUENO,2023-02-01,BURGLARY,10
BARANGAY 5-A,2023-02-01,ROBBERY,3
BAGUIO PROPER,2023-02-01,IDENTITY THEFT,20
TALANDANG,2023-02-01,HACKING,20
LASANG,2023-02-01,IDENTITY THEFT,15
MABUHAY,2023-02-01,PHYSICAL INJURY,2
SASA,2023-02-01,VANDALISM,22
BARANGAY 28-C,2023-02-01,MURDER,17
76-A BUCANA,2023-02-01,VANDALISM,8
AQUINO,2023-02-01,HACKING,24
MAA,2023-02-01,ONLINE SCAM,22
MANUEL GUIANGA,2023-02-01,HACKING,24
BARANGAY 9-A,2023-02-01,IDENTITY THEFT,7
SALOY,2023-02-01,ROBBERY,7
BARANGAY 11-A,2023-02-01,RAPE,12
BALENGAENG,2023-02-01,CARNAPPING,7
SASA,2023-02-01,IDENTITY THEFT,4
LAPU-LAPU,2023-02-01,THEFT,7
AQUINO,2023-02-01,THEFT,5
CABANTIAN,2023-02-01,HOMICIDE,10
74-A MATINA CROSSING,2023-02-01,DRUG-RELATED,24
BARANGAY 11-A,2023-02-01,RAPE,15
MATINA APLAYA,2023-02-01,BURGLARY,11
SALUMAY,2023-02-01,HACKING,7
BARANGAY 18-B,2023-02-01,HACKING,16
TUGBOK,2023-02-01,ROBBERY,5
GUMITAN,2023-02-01,CARNAPPING,11
MULIG,2023-02-01,THEFT,23
BARANGAY 39-D,2023-02-01,HOMICIDE,9
SALAPAWAN,2023-02-01,ILLEGAL POSSESSION OF FIREARMS,17
BAGO APLAYA,2023-02-01,PHYSICAL INJURY,19
CATIGAN,2023-02-01,ILLEGAL POSSESSION OF FIREARMS,14
LOS AMIGOS,2023-02-01,IDENTITY THEFT,11
CATALUNAN GRANDE,2023-02-01,HOMICIDE,19
LAPU-LAPU,2023-02-01,BURGLARY,4
MULIG,2023-02-01,BURGLARY,24
LACSON,2023-02-01,CYBER LIBEL,21
PAQUIBATO,2023-02-01,ROBBERY,22
BARANGAY 39-D,2023-02-01,CYBER LIBEL,10
BARANGAY 27-C,2023-02-01,VANDALISM,14
TUGBOK,2023-02-01,CHILD ABUSE,2
MAGTUOD,2023-02-01,ROBBERY,15
BARANGAY 10-A,2023-02-01,MURDER,7
BARANGAY 18-B,2023-02-01,CYBER LIBEL,19
CARMEN,2023-02-01,CARNAPPING,8
BARANGAY 26-C,2023-02-01,ILLEGAL POSSESSION OF FIREARMS,18
BAGO APLAYA,2023-02-01,VANDALISM,14
SALOY,2023-02-01,HACKING,21
CALINAN,2023-02-01,MURDER,1
AQUINO,2023-02-01,PHYSICAL INJURY,14
BARANGAY 10-A,2023-02-01,BURGLARY,23
MALAGOS,2023-02-01,CYBER LIBEL,5
BARANGAY 13-B,2023-02-01,IDENTITY THEFT,9
BARANGAY 20-B,2023-02-01,HACKING,12
TALANDANG,2023-02-01,ILLEGAL GAMBLING,7
ULAS,2023-02-01,DRUG-RELATED,8
MULIG,2023-02-01,IDENTITY THEFT,21
CATALUNAN GRANDE,2023-02-01,THEFT,10
MATINA PANGI,2023-02-01,PHYSICAL INJURY,7
ACACIA,2023-02-01,MURDER,6
PANACAN,2023-02-01,ILLEGAL GAMBLING,12
TALOMO,2023-02-01,ROBBERY,3
LACSON,2023-02-01,PHYSICAL INJURY,24
CABANTIAN,2023-02-01,CYBER LIBEL,20
BARANGAY 38-D,2023-02-01,CYBER LIBEL,15
SASA,2023-02-01,MURDER,5
PANACAN,2023-02-01,VANDALISM,23
SALAPAWAN,2023-03-01,ONLINE SCAM,19
WANGAN,2023-03-01,VANDALISM,3
GUMALANG,2023-03-01,ILLEGAL POSSESSION OF FIREARMS,24
CABANTIAN,2023-03-01,HOMICIDE,21
DALIAO,2023-03-01,MURDER,18
CENTRO SAN JUAN,2023-03-01,BURGLARY,1
BARANGAY 22-C,2023-03-01,ROBBERY,9
CENTRO SAN JUAN,2023-03-01,MURDER,22
SALAPAWAN,2023-03-01,ONLINE SCAM,11
BARANGAY 14-B,2023-03-01,PHYSICAL INJURY,9
74-A MATINA CROSSING,2023-03-01,ONLINE SCAM,2
CAWAYAN,2023-03-01,ILLEGAL GAMBLING,19
PANALUM,2023-03-01,ROBBERY,16
ALAMBRE,2023-03-01,BURGLARY,22
LUBOGAN,2023-03-01,HOMICIDE,8
MARILOG,2023-03-01,ILLEGAL GAMBLING,1
SAN ISIDRO,2023-03-01,RAPE,19
BARANGAY 10-A,2023-03-01,THEFT,20
TACUNAN,2023-03-01,PHYSICAL INJURY,10
ULAS,2023-03-01,DRUG-RELATED,17
DALIAO,2023-03-01,CYBER LIBEL,7
TALANDANG,2023-03-01,BURGLARY,12
ANGALAN,2023-03-01,CHILD ABUSE,13
BAGO APLAYA,2023-03-01,THEFT,17
RIVERSIDE,2023-03-01,CARNAPPING,23
MANDUG,2023-03-01,BURGLARY,21
TAMBOBONG,2023-03-01,PHYSICAL INJURY,7
74-A MATINA CROSSING,2023-03-01,ROBBERY,6
LASANG,2023-03-01,CYBER LIBEL,15
SUBASTA,2023-03-01,ONLINE SCAM,9
MANDUG,2023-03-01,DRUG-RELATED,7
MAA,2023-03-01,HACKING,18
MARILOG,2023-03-01,CHILD ABUSE,13
EDEN,2023-03-01,ILLEGAL POSSESSION OF FIREARMS,19
ALFONSO ANGLIONGTO SR,2023-03-01,MURDER,5
GUMITAN,2023-03-01,CHILD ABUSE,10
SAN ISIDRO,2023-03-01,IDENTITY THEFT,23
BALIOK,2023-03-01,ILLEGAL GAMBLING,24
SIRIB,2023-03-01,HOMICIDE,14
GUMALANG,2023-03-01,CHILD ABUSE,21
MALAGOS,2023-03-01,BURGLARY,1
COMMUNAL,2023-03-01,BURGLARY,10
BARANGAY 14-B,2023-03-01,THEFT,14
MABUHAY,2023-03-01,IDENTITY THEFT,21
BARANGAY 17-B,2023-03-01,ONLINE SCAM,9
TACUNAN,2023-03-01,MURDER,12
BALIOK,2023-03-01,PHYSICAL INJURY,5
GUMITAN,2023-03-01,MURDER,24
CATALUNAN GRANDE,2023-03-01,HOMICIDE,24
MANDUG,2023-03-01,MURDER,8
CALINAN,2023-03-01,THEFT,5
TUNGKALAN,2023-03-01,CYBER LIBEL,23
WANGAN,2023-03-01,ILLEGAL GAMBLING,4
TAMUGAN,2023-03-01,HACKING,21
PAMPANGA,2023-03-01,CARNAPPING,8
SIRIB,2023-03-01,BURGLARY,18
ALAMBRE,2023-03-01,DRUG-RELATED,17
BARANGAY 5-A,2023-03-01,CHILD ABUSE,19
BARANGAY 23-C,2023-03-01,CHILD ABUSE,21
ULAS,2023-03-01,DRUG-RELATED,3
LOS AMIGOS,2023-03-01,CHILD ABUSE,18
BALENGAENG,2023-03-01,HACKING,4
ALFONSO ANGLIONGTO SR,2023-03-01,HACKING,22
TUNGKALAN,2023-03-01,RAPE,13
SASA,2023-03-01,VANDALISM,23
MARILOG,2023-03-01,CARNAPPING,15
CARMEN,2023-03-01,MURDER,23
MARILOG,2023-03-01,RAPE,12
MANDUG,2023-03-01,IDENTITY THEFT,3
LASANG,2023-03-01,MURDER,6
LOS AMIGOS,2023-04-01,HACKING,8
TAPAK,2023-04-01,CARNAPPING,15
CARMEN,2023-04-01,HACKING,23
RIVERSIDE,2023-04-01,ROBBERY,22
GUMITAN,2023-04-01,PHYSICAL INJURY,22
MABUHAY,2023-04-01,RAPE,1
BARANGAY 17-B,2023-04-01,HOMICIDE,13
TIBULOY,2023-04-01,CHILD ABUSE,23
SAN ISIDRO,2023-04-01,ILLEGAL GAMBLING,20
GUMALANG,2023-04-01,BURGLARY,1
BAO ESCUELA,2023-04-01,CYBER LIBEL,17
BARANGAY 32-D,2023-04-01,ONLINE SCAM,17
SALAPAWAN,2023-04-01,THEFT,21
TALOMO RIVER,2023-04-01,ROBBERY,24
TORIL,2023-04-01,ONLINE SCAM,22
BARANGAY 38-D,2023-04-01,IDENTITY THEFT,1
MATINA PANGI,2023-04-01,THEFT,12
TIGATTO,2023-04-01,IDENTITY THEFT,18
TALOMO RIVER,2023-04-01,DRUG-RELATED,12
MAGSAYSAY,2023-04-01,ROBBERY,2
LOS AMIGOS,2023-04-01,RAPE,24
ULAS,2023-04-01,ILLEGAL GAMBLING,3
CALINAN,2023-04-01,MURDER,5
SUBASTA,2023-04-01,CARNAPPING,24
76-A BUCANA,2023-04-01,RAPE,20
PAMPANGA,2023-04-01,THEFT,10
MAGSAYSAY,2023-04-01,THEFT,19
BARANGAY 32-D,2023-04-01,ILLEGAL POSSESSION OF FIREARMS,13
BANTOL,2023-04-01,HOMICIDE,15
LAMANAN,2023-04-01,RAPE,22
RIVERSIDE,2023-04-01,VANDALISM,11
TUGBOK,2023-04-01,CYBER LIBEL,8
BARANGAY 26-C,2023-04-01,HACKING,23
MINTAL,2023-04-01,HOMICIDE,7
TACUNAN,2023-04-01,ILLEGAL POSSESSION OF FIREARMS,11
TUNGKALAN,2023-04-01,IDENTITY THEFT,5
SANTO NINO,2023-04-01,MURDER,9
WANGAN,2023-04-01,ILLEGAL POSSESSION OF FIREARMS,23
BARANGAY 22-C,2023-04-01,PHYSICAL INJURY,20
LASANG,2023-04-01,IDENTITY THEFT,18
EDEN,2023-04-01,MURDER,11
MAGTUOD,2023-04-01,HOMICIDE,16
DUTERTE,2023-04-01,ILLEGAL POSSESSION OF FIREARMS,1
WINES,2023-04-01,CARNAPPING,19
ALAMBRE,2023-04-01,RAPE,13
BINUGAO,2023-04-01,DRUG-RELATED,12
BARANGAY 32-D,2023-04-01,CYBER LIBEL,1
NEW VALENCIA,2023-04-01,IDENTITY THEFT,13
MAGSAYSAY,2023-04-01,HOMICIDE,22
LOS AMIGOS,2023-04-01,CHILD ABUSE,24
BARANGAY 13-B,2023-04-01,VANDALISM,23
WAAN,2023-04-01,CHILD ABUSE,24
TAMUGAN,2023-04-01,DRUG-RELATED,19
TOMAS MONTEVERDE,2023-04-01,THEFT,11
SUAWAN,2023-04-01,ILLEGAL GAMBLING,10
40-D BOLTON ISLA,2023-04-01,HACKING,12
BUDA,2023-04-01,HACKING,7
TOMAS MONTEVERDE,2023-04-01,ILLEGAL POSSESSION OF FIREARMS,24
LAMANAN,2023-04-01,CYBER LIBEL,23
BAO ESCUELA,2023-04-01,ILLEGAL GAMBLING,21
SUBASTA,2023-04-01,PHYSICAL INJURY,17
VICENTE HIZON,2023-04-01,ONLINE SCAM,19
MARAPANGI,2023-04-01,ONLINE SCAM,3
MAGSAYSAY,2023-04-01,CARNAPPING,22
BUDA,2023-04-01,VANDALISM,10
GUMITAN,2023-04-01,CYBER LIBEL,21
WINES,2023-04-01,PHYSICAL INJURY,12
ANGALAN,2023-04-01,IDENTITY THEFT,11
TOMAS MONTEVERDE,2023-04-01,CARNAPPING,6
BAGO OSHIRO,2023-04-01,ILLEGAL POSSESSION OF FIREARMS,6
LOS AMIGOS,2023-05-01,MURDER,7
COMMUNAL,2023-05-01,ILLEGAL POSSESSION OF FIREARMS,6
NEW VALENCIA,2023-05-01,VANDALISM,20
BARANGAY 20-B,2023-05-01,CHILD ABUSE,18
SAN ISIDRO,2023-05-01,RAPE,2
DUMOY,2023-05-01,HOMICIDE,19
LASANG,2023-05-01,CYBER LIBEL,1
CALINAN,2023-05-01,THEFT,24
CARMEN,2023-05-01,MURDER,16
DUMOY,2023-05-01,PHYSICAL INJURY,10
TAMUGAN,2023-05-01,HACKING,11
BAO ESCUELA,2023-05-01,ILLEGAL POSSESSION OF FIREARMS,9
CARMEN,2023-05-01,MURDER,12
BARANGAY 10-A,2023-05-01,CYBER LIBEL,9
BAYABAS,2023-05-01,RAPE,17
BUNAWAN,2023-05-01,ONLINE SCAM,4
MAA,2023-05-01,HACKING,1
LAPU-LAPU,2023-05-01,HACKING,20
BARANGAY 39-D,2023-05-01,DRUG-RELATED,11
TUGBOK,2023-05-01,IDENTITY THEFT,7
PAMPANGA,2023-05-01,MURDER,17
BARANGAY 5-A,2023-05-01,THEFT,22
WAAN,2023-05-01,DRUG-RELATED,17
INDANGAN,2023-05-01,CHILD ABUSE,12
WANGAN,2023-05-01,ROBBERY,17
SALAPAWAN,2023-05-01,ONLINE SCAM,23
LAPU-LAPU,2023-05-01,ONLINE SCAM,8
BARANGAY 9-A,2023-05-01,MURDER,3
40-D BOLTON ISLA,2023-05-01,IDENTITY THEFT,1
BARANGAY 2-A,2023-05-01,MURDER,20
BINUGAO,2023-05-01,ONLINE SCAM,22
CATALUNAN GRANDE,2023-05-01,VANDALISM,15
BINUGAO,2023-05-01,MURDER,15
TORIL,2023-05-01,ROBBERY,12
ULAS,2023-05-01,DRUG-RELATED,2
MAA,2023-05-01,VANDALISM,5
MANDUG,2023-05-01,CARNAPPING,13
ALAMBRE,2023-05-01,THEFT,10
ULAS,2023-05-01,RAPE,3
BARANGAY 22-C,2023-05-01,CARNAPPING,19
BAGANIHAN,2023-05-01,CARNAPPING,7
BALENGAENG,2023-05-01,HOMICIDE,11
BARANGAY 2-A,2023-05-01,CHILD ABUSE,2
SALAYSAY,2023-05-01,THEFT,16
TAMUGAN,2023-05-01,ILLEGAL POSSESSION OF FIREARMS,22
BAYABAS,2023-05-01,BURGLARY,6
TORIL,2023-05-01,CYBER LIBEL,8
BARANGAY 9-A,2023-05-01,PHYSICAL INJURY,23
40-D BOLTON ISLA,2023-05-01,RAPE,3
GUMITAN,2023-05-01,ROBBERY,17
CALINAN,2023-05-01,DRUG-RELATED,23
SANTO NINO,2023-05-01,ILLEGAL POSSESSION OF FIREARMS,15
PACIANO BANGOY,2023-05-01,ILLEGAL POSSESSION OF FIREARMS,7
CABANTIAN,2023-05-01,CYBER LIBEL,8
AGDAO PROPER,2023-05-01,HACKING,23
LAMANAN,2023-05-01,DRUG-RELATED,23
TUGBOK,2023-05-01,RAPE,12
TAMAYONG,2023-05-01,ILLEGAL POSSESSION OF FIREARMS,22
MAPI-ILA,2023-05-01,ILLEGAL GAMBLING,23
TAMAYONG,2023-05-01,CYBER LIBEL,15
DUTERTE,2023-05-01,IDENTITY THEFT,23
MATINA APLAYA,2023-05-01,HOMICIDE,22
BARANGAY 39-D,2023-05-01,ONLINE SCAM,10
LOS AMIGOS,2023-05-01,ILLEGAL POSSESSION OF FIREARMS,4
MAGSAYSAY,2023-05-01,CYBER LIBEL,24
MATINA CROSSING,2023-05-01,CHILD ABUSE,9
SAN ANTONIO,2023-05-01,HACKING,10
TOMAS MONTEVERDE,2023-05-01,CARNAPPING,23
BARANGAY 14-B,2023-05-01,HACKING,19
MAPI-ILA,2023-05-01,HOMICIDE,23
BARANGAY 20-B,2023-06-01,RAPE,14
BAO ESCUELA,2023-06-01,RAPE,10
DUMOY,2023-06-01,RAPE,9
BUHANGIN,2023-06-01,CYBER LIBEL,16
BARANGAY 11-A,2023-06-01,MURDER,11
MATINA CROSSING,2023-06-01,IDENTITY THEFT,8
MANDUG,2023-06-01,ILLEGAL POSSESSION OF FIREARMS,13
PAMPANGA,2023-06-01,ROBBERY,2
BARANGAY 18-B,2023-06-01,BURGLARY,20
CENTRO SAN JUAN,2023-06-01,VANDALISM,20
TALOMO RIVER,2023-06-01,DRUG-RELATED,14
TAMBOBONG,2023-06-01,ROBBERY,9
TALANDANG,2023-06-01,MURDER,4
MINTAL,2023-06-01,THEFT,9
BARANGAY 19-B,2023-06-01,CYBER LIBEL,19
BARANGAY 22-C,2023-06-01,PHYSICAL INJURY,3
SASA,2023-06-01,DRUG-RELATED,24
BALIOK,2023-06-01,HOMICIDE,13
BARANGAY 32-D,2023-06-01,ILLEGAL GAMBLING,2
MARILOG,2023-06-01,ONLINE SCAM,6
DUTERTE,2023-06-01,CARNAPPING,22
VICENTE HIZON,2023-06-01,BURGLARY,12
BARANGAY 28-C,2023-06-01,BURGLARY,11
BAGUIO PROPER,2023-06-01,HOMICIDE,13
MAA,2023-06-01,PHYSICAL INJURY,14
CATALUNAN PEQUENO,2023-06-01,ILLEGAL POSSESSION OF FIREARMS,13
COMMUNAL,2023-06-01,RAPE,23
MARAPANGI,2023-06-01,THEFT,2
SASA,2023-06-01,MURDER,19
74-A MATINA CROSSING,2023-06-01,PHYSICAL INJURY,20
MAGSAYSAY,2023-06-01,ILLEGAL GAMBLING,21
BAYABAS,2023-06-01,VANDALISM,2
BARANGAY 26-C,2023-06-01,PHYSICAL INJURY,16
ACACIA,2023-06-01,RAPE,13
ALAMBRE,2023-06-01,ILLEGAL GAMBLING,23
MAPI-ILA,2023-06-01,CHILD ABUSE,9
SALOY,2023-06-01,HACKING,20
TACUNAN,2023-06-01,PHYSICAL INJURY,9
BAYABAS,2023-06-01,DRUG-RELATED,7
TOMAS MONTEVERDE,2023-06-01,CHILD ABUSE,20
BARANGAY 5-A,2023-06-01,PHYSICAL INJURY,19
BARANGAY 38-D,2023-06-01,ONLINE SCAM,21
VICENTE HIZON,2023-06-01,ROBBERY,10
CATIGAN,2023-06-01,ILLEGAL GAMBLING,17
74-A MATINA CROSSING,2023-06-01,THEFT,18
BARANGAY 3-A,2023-06-01,THEFT,22
TAMBOBONG,2023-06-01,PHYSICAL INJURY,2
MARAPANGI,2023-06-01,HOMICIDE,3
BUDA,2023-06-01,CYBER LIBEL,11
BAGANIHAN,2023-06-01,ILLEGAL GAMBLING,21
BARANGAY 20-B,2023-06-01,PHYSICAL INJURY,24
ALAMBRE,2023-06-01,ONLINE SCAM,12
ANGALAN,2023-06-01,ROBBERY,9
TALOMO,2023-06-01,THEFT,3
CATIGAN,2023-06-01,RAPE,20
MALABOG,2023-06-01,ILLEGAL POSSESSION OF FIREARMS,15
TAMUGAN,2023-06-01,RAPE,15
TIBUNGCO,2023-06-01,ONLINE SCAM,5
WANGAN,2023-06-01,ILLEGAL POSSESSION OF FIREARMS,20
BUHANGIN,2023-06-01,CARNAPPING,4
AQUINO,2023-06-01,CARNAPPING,8
CATIGAN,2023-06-01,ILLEGAL POSSESSION OF FIREARMS,19
INDANGAN,2023-06-01,THEFT,9
DUMOY,2023-06-01,ROBBERY,4
BARANGAY 27-C,2023-06-01,HOMICIDE,1
PANACAN,2023-06-01,ONLINE SCAM,13
SIRIB,2023-06-01,RAPE,17
TOMAS MONTEVERDE,2023-06-01,ILLEGAL POSSESSION OF FIREARMS,15
SASA,2023-06-01,CHILD ABUSE,11
BARANGAY 26-C,2023-06-01,ROBBERY,20
MAGTUOD,2023-07-01,ONLINE SCAM,24
MALABOG,2023-07-01,CHILD ABUSE,12
BARANGAY 14-B,2023-07-01,VANDALISM,10
TACUNAN,2023-07-01,ILLEGAL POSSESSION OF FIREARMS,16
TAMUGAN,2023-07-01,VANDALISM,3
TIGATTO,2023-07-01,HOMICIDE,20
TAPAK,2023-07-01,ILLEGAL GAMBLING,13
40-D BOLTON ISLA,2023-07-01,BURGLARY,11
BARANGAY 19-B,2023-07-01,MURDER,2
MAPI-ILA,2023-07-01,HACKING,20
INDANGAN,2023-07-01,IDENTITY THEFT,4
CENTRO SAN JUAN,2023-07-01,ILLEGAL POSSESSION OF FIREARMS,23
40-D BOLTON ISLA,2023-07-01,ILLEGAL GAMBLING,18
CABANTIAN,2023-07-01,HOMICIDE,6
74-A MATINA CROSSING,2023-07-01,CARNAPPING,2
MALABOG,2023-07-01,IDENTITY THEFT,18
BAGO APLAYA,2023-07-01,MURDER,14
CENTRO SAN JUAN,2023-07-01,CYBER LIBEL,14
BAO ESCUELA,2023-07-01,RAPE,9
GUMALANG,2023-07-01,MURDER,11
BUDA,2023-07-01,HACKING,6
TIBULOY,2023-07-01,RAPE,15
ILANG,2023-07-01,HACKING,22
LAPU-LAPU,2023-07-01,ROBBERY,9
SUAWAN,2023-07-01,DRUG-RELATED,16
EDEN,2023-07-01,RAPE,9
TUNGKALAN,2023-07-01,CARNAPPING,2
BUNAWAN,2023-07-01,MURDER,11
CABANTIAN,2023-07-01,RAPE,6
TAMAYONG,2023-07-01,HOMICIDE,5
LOS AMIGOS,2023-07-01,CARNAPPING,14
MULIG,2023-07-01,CARNAPPING,10
TAMBOBONG,2023-07-01,DRUG-RELATED,4
BARANGAY 2-A,2023-07-01,CYBER LIBEL,10
PACIANO BANGOY,2023-07-01,PHYSICAL INJURY,19
MINTAL,2023-07-01,CARNAPPING,8
CATALUNAN GRANDE,2023-07-01,HOMICIDE,13
BAGO GALLERA,2023-07-01,IDENTITY THEFT,15
BAGANIHAN,2023-07-01,CHILD ABUSE,19
DUMOY,2023-07-01,VANDALISM,7
MAA,2023-07-01,VANDALISM,17
MANDUG,2023-07-01,CYBER LIBEL,7
SUBASTA,2023-07-01,RAPE,12
SALAPAWAN,2023-07-01,IDENTITY THEFT,10
ULAS,2023-07-01,HOMICIDE,11
BARANGAY 5-A,2023-07-01,CARNAPPING,10
CENTRO SAN JUAN,2023-07-01,DRUG-RELATED,11
LASANG,2023-07-01,HOMICIDE,5
NEW VALENCIA,2023-07-01,VANDALISM,1
PANALUM,2023-07-01,CYBER LIBEL,5
BARANGAY 5-A,2023-07-01,DRUG-RELATED,8
CATALUNAN PEQUENO,2023-07-01,THEFT,18
BARANGAY 17-B,2023-07-01,ILLEGAL POSSESSION OF FIREARMS,22
BARANGAY 23-C,2023-07-01,CYBER LIBEL,21
BAGO APLAYA,2023-07-01,VANDALISM,7
MATINA PANGI,2023-07-01,IDENTITY THEFT,11
BARANGAY 18-B,2023-07-01,DRUG-RELATED,16
76-A BUCANA,2023-07-01,CYBER LIBEL,8
PACIANO BANGOY,2023-07-01,ILLEGAL GAMBLING,9
BARANGAY 39-D,2023-07-01,DRUG-RELATED,8
SALUMAY,2023-07-01,CYBER LIBEL,22
WAAN,2023-07-01,ONLINE SCAM,7
BARANGAY 3-A,2023-07-01,RAPE,7
BAGO GALLERA,2023-07-01,DRUG-RELATED,1
CATALUNAN GRANDE,2023-07-01,ILLEGAL POSSESSION OF FIREARMS,11
CARMEN,2023-07-01,BURGLARY,23
PAMPANGA,2023-07-01,CARNAPPING,10
TAPAK,2023-07-01,HOMICIDE,24
BALENGAENG,2023-07-01,THEFT,19
BARANGAY 38-D,2023-07-01,ILLEGAL GAMBLING,18
BARANGAY 32-D,2023-08-01,HOMICIDE,22
MAGSAYSAY,2023-08-01,HOMICIDE,24
BARANGAY 23-C,2023-08-01,HOMICIDE,15
CENTRO SAN JUAN,2023-08-01,VANDALISM,20
WAAN,2023-08-01,HACKING,3
TALANDANG,2023-08-01,DRUG-RELATED,14
WANGAN,2023-08-01,RAPE,14
TALOMO,2023-08-01,ONLINE SCAM,20
CATALUNAN GRANDE,2023-08-01,VANDALISM,12
BAGUIO PROPER,2023-08-01,CYBER LIBEL,2
MANUEL GUIANGA,2023-08-01,VANDALISM,8
SALAYSAY,2023-08-01,MURDER,7
MAGSAYSAY,2023-08-01,ILLEGAL POSSESSION OF FIREARMS,12
SALAYSAY,2023-08-01,RAPE,4
76-A BUCANA,2023-08-01,HOMICIDE,24
BARANGAY 23-C,2023-08-01,RAPE,5
BARANGAY 23-C,2023-08-01,VANDALISM,4
TALOMO,2023-08-01,IDENTITY THEFT,4
TIGATTO,2023-08-01,ONLINE SCAM,10
ULAS,2023-08-01,DRUG-RELATED,18
TIBULOY,2023-08-01,IDENTITY THEFT,8
SUAWAN,2023-08-01,MURDER,6
DUTERTE,2023-08-01,BURGLARY,7
SASA,2023-08-01,IDENTITY THEFT,19
MALABOG,2023-08-01,ILLEGAL GAMBLING,8
DUMOY,2023-08-01,ILLEGAL POSSESSION OF FIREARMS,8
SIRIB,2023-08-01,IDENTITY THEFT,2
PAMPANGA,2023-08-01,CARNAPPING,18
TAGURANO,2023-08-01,CHILD ABUSE,17
EDEN,2023-08-01,RAPE,16
TORIL,2023-08-01,ONLINE SCAM,10
ULAS,2023-08-01,ROBBERY,13
BARANGAY 37-D,2023-08-01,ONLINE SCAM,3
TALOMO RIVER,2023-08-01,VANDALISM,13
COMMUNAL,2023-08-01,MURDER,5
BARANGAY 17-B,2023-08-01,ROBBERY,1
EDEN,2023-08-01,HACKING,19
CARMEN,2023-08-01,VANDALISM,10
WAAN,2023-08-01,IDENTITY THEFT,13
BARANGAY 27-C,2023-08-01,HACKING,23
SASA,2023-08-01,HOMICIDE,3
BARANGAY 37-D,2023-08-01,DRUG-RELATED,5
PACIANO BANGOY,2023-08-01,HACKING,17
TALOMO RIVER,2023-08-01,PHYSICAL INJURY,3
BARANGAY 38-D,2023-08-01,CHILD ABUSE,13
FATIMA,2023-08-01,RAPE,5
TALANDANG,2023-08-01,THEFT,18
LUBOGAN,2023-08-01,HACKING,8
MARILOG,2023-08-01,CYBER LIBEL,14
CATIGAN,2023-08-01,ILLEGAL GAMBLING,23
LAMANAN,2023-08-01,CYBER LIBEL,13
INDANGAN,2023-08-01,MURDER,18
TIBULOY,2023-08-01,ILLEGAL POSSESSION OF FIREARMS,5
CENTRO SAN JUAN,2023-08-01,CARNAPPING,1
LOS AMIGOS,2023-08-01,ILLEGAL POSSESSION OF FIREARMS,10
BARANGAY 37-D,2023-08-01,CYBER LIBEL,13
BARANGAY 14-B,2023-08-01,CYBER LIBEL,15
BARANGAY 9-A,2023-08-01,ONLINE SCAM,24
BINUGAO,2023-08-01,CARNAPPING,5
TAMUGAN,2023-08-01,PHYSICAL INJURY,12
ALFONSO ANGLIONGTO SR,2023-08-01,IDENTITY THEFT,1
TAPAK,2023-08-01,ILLEGAL GAMBLING,14
MANDUG,2023-08-01,ROBBERY,17
NEW VALENCIA,2023-08-01,ILLEGAL GAMBLING,5
VICENTE HIZON,2023-08-01,RAPE,6
BARANGAY 26-C,2023-08-01,RAPE,14
BAGO OSHIRO,2023-08-01,CARNAPPING,10
MANUEL GUIANGA,2023-08-01,DRUG-RELATED,3
MANDUG,2023-08-01,MURDER,8
PACIANO BANGOY,2023-08-01,MURDER,2
BARANGAY 23-C,2023-09-01,ILLEGAL POSSESSION OF FIREARMS,11
BARANGAY 39-D,2023-09-01,CARNAPPING,20
TAPAK,2023-09-01,IDENTITY THEFT,6
MALABOG,2023-09-01,THEFT,21
TOMAS MONTEVERDE,2023-09-01,ILLEGAL POSSESSION OF FIREARMS,16
40-D BOLTON ISLA,2023-09-01,CHILD ABUSE,19
COMMUNAL,2023-09-01,CYBER LIBEL,3
LAMANAN,2023-09-01,BURGLARY,10
GUMITAN,2023-09-01,ROBBERY,21
BARANGAY 5-A,2023-09-01,MURDER,6
BARANGAY 32-D,2023-09-01,PHYSICAL INJURY,10
LIZADA,2023-09-01,MURDER,15
MAPI-ILA,2023-09-01,HACKING,24
MARAPANGI,2023-09-01,ILLEGAL GAMBLING,23
ALFONSO ANGLIONGTO SR,2023-09-01,ILLEGAL POSSESSION OF FIREARMS,14
BAO ESCUELA,2023-09-01,HACKING,2
BARANGAY 28-C,2023-09-01,HACKING,17
ULAS,2023-09-01,ILLEGAL GAMBLING,24
TAGURANO,2023-09-01,BURGLARY,15
MABUHAY,2023-09-01,CYBER LIBEL,7
BARANGAY 26-C,2023-09-01,ONLINE SCAM,4
76-A BUCANA,2023-09-01,BURGLARY,16
BARANGAY 3-A,2023-09-01,HOMICIDE,3
AQUINO,2023-09-01,ONLINE SCAM,12
MAGSAYSAY,2023-09-01,ONLINE SCAM,12
TAGURANO,2023-09-01,ROBBERY,19
BAGO OSHIRO,2023-09-01,ILLEGAL GAMBLING,23
TIBUNGCO,2023-09-01,THEFT,1
PANACAN,2023-09-01,CHILD ABUSE,6
TIBULOY,2023-09-01,PHYSICAL INJURY,13
BARANGAY 20-B,2023-09-01,BURGLARY,20
BALIOK,2023-09-01,ILLEGAL POSSESSION OF FIREARMS,24
LASANG,2023-09-01,CHILD ABUSE,7
MANUEL GUIANGA,2023-09-01,BURGLARY,6
BARANGAY 18-B,2023-09-01,RAPE,11
BUDA,2023-09-01,CYBER LIBEL,22
MANUEL GUIANGA,2023-09-01,CYBER LIBEL,4
MAHAYAG,2023-09-01,MURDER,9
MARAPANGI,2023-09-01,VANDALISM,16
MATINA CROSSING,2023-09-01,THEFT,23
LIZADA,2023-09-01,PHYSICAL INJURY,1
COMMUNAL,2023-09-01,ONLINE SCAM,18
BAYABAS,2023-09-01,ONLINE SCAM,20
TIBULOY,2023-09-01,CARNAPPING,21
MANUEL GUIANGA,2023-09-01,VANDALISM,7
SALUMAY,2023-09-01,THEFT,24
BAYABAS,2023-09-01,ONLINE SCAM,13
ALFONSO ANGLIONGTO SR,2023-09-01,CARNAPPING,22
ALFONSO ANGLIONGTO SR,2023-09-01,MURDER,4
LASANG,2023-09-01,RAPE,14
LAPU-LAPU,2023-09-01,PHYSICAL INJURY,24
LAPU-LAPU,2023-09-01,HOMICIDE,22
AQUINO,2023-09-01,CYBER LIBEL,19
BALIOK,2023-09-01,BURGLARY,6
BARANGAY 13-B,2023-09-01,PHYSICAL INJURY,21
PANACAN,2023-09-01,MURDER,7
TUGBOK,2023-09-01,MURDER,9
CABANTIAN,2023-09-01,RAPE,8
TIBULOY,2023-09-01,MURDER,17
BAO JOAQUIN,2023-09-01,THEFT,16
TORIL,2023-09-01,THEFT,3
ALAMBRE,2023-09-01,HACKING,22
LAMANAN,2023-09-01,MURDER,11
MAGSAYSAY,2023-09-01,IDENTITY THEFT,18
CARMEN,2023-09-01,ONLINE SCAM,13
MATINA APLAYA,2023-09-01,ROBBERY,12
EDEN,2023-09-01,ILLEGAL POSSESSION OF FIREARMS,19
MAHAYAG,2023-09-01,HOMICIDE,10
MAHAYAG,2023-09-01,DRUG-RELATED,23
BARANGAY 8-A,2023-09-01,CHILD ABUSE,11
LOS AMIGOS,2023-10-01,PHYSICAL INJURY,21
BARANGAY 13-B,2023-10-01,THEFT,24
ILANG,2023-10-01,HOMICIDE,19
VICENTE HIZON,2023-10-01,HACKING,22
CATALUNAN PEQUENO,2023-10-01,ONLINE SCAM,10
TIBUNGCO,2023-10-01,VANDALISM,16
BALENGAENG,2023-10-01,CYBER LIBEL,18
TIBUNGCO,2023-10-01,ILLEGAL GAMBLING,3
LUBOGAN,2023-10-01,DRUG-RELATED,20
BAGO APLAYA,2023-10-01,PHYSICAL INJURY,18
BARANGAY 20-B,2023-10-01,BURGLARY,23
MAPI-ILA,2023-10-01,VANDALISM,5
MARAPANGI,2023-10-01,VANDALISM,13
SALUMAY,2023-10-01,HOMICIDE,18
BARANGAY 13-B,2023-10-01,IDENTITY THEFT,20
TOMAS MONTEVERDE,2023-10-01,RAPE,9
TACUNAN,2023-10-01,CARNAPPING,4
PAMPANGA,2023-10-01,IDENTITY THEFT,17
TAGURANO,2023-10-01,RAPE,7
TUGBOK,2023-10-01,HACKING,11
TAGURANO,2023-10-01,CARNAPPING,1
CATALUNAN GRANDE,2023-10-01,ILLEGAL POSSESSION OF FIREARMS,22
MARAPANGI,2023-10-01,ILLEGAL GAMBLING,6
MINTAL,2023-10-01,ROBBERY,5
SUBASTA,2023-10-01,IDENTITY THEFT,14
ALAMBRE,2023-10-01,ONLINE SCAM,24
TUGBOK,2023-10-01,ONLINE SCAM,12
COMMUNAL,2023-10-01,HOMICIDE,12
MATINA CROSSING,2023-10-01,HACKING,19
MANUEL GUIANGA,2023-10-01,RAPE,9
TUNGKALAN,2023-10-01,BURGLARY,11
SALAPAWAN,2023-10-01,CYBER LIBEL,2
CATALUNAN GRANDE,2023-10-01,RAPE,22
AGDAO PROPER,2023-10-01,VANDALISM,13
BARANGAY 9-A,2023-10-01,THEFT,10
PACIANO BANGOY,2023-10-01,BURGLARY,3
AGDAO PROPER,2023-10-01,ONLINE SCAM,15
MAHAYAG,2023-10-01,HOMICIDE,24
BALIOK,2023-10-01,ILLEGAL POSSESSION OF FIREARMS,4
SANTO NINO,2023-10-01,CYBER LIBEL,2
MALABOG,2023-10-01,CHILD ABUSE,12
BARANGAY 14-B,2023-10-01,RAPE,3
BALENGAENG,2023-10-01,CHILD ABUSE,2
MANUEL GUIANGA,2023-10-01,CARNAPPING,1
BINUGAO,2023-10-01,THEFT,8
BARANGAY 38-D,2023-10-01,CARNAPPING,21
LAMANAN,2023-10-01,HOMICIDE,2
BAGO OSHIRO,2023-10-01,HOMICIDE,21
PACIANO BANGOY,2023-10-01,IDENTITY THEFT,21
BAGO GALLERA,2023-10-01,BURGLARY,5
GUMALANG,2023-10-01,ILLEGAL GAMBLING,2
ANGALAN,2023-10-01,MURDER,22
ANGALAN,2023-10-01,CARNAPPING,13
DUTERTE,2023-10-01,IDENTITY THEFT,15
MULIG,2023-10-01,ILLEGAL POSSESSION OF FIREARMS,23
MAGSAYSAY,2023-10-01,RAPE,5
LIZADA,2023-10-01,CHILD ABUSE,1
74-A MATINA CROSSING,2023-10-01,HACKING,7
PANALUM,2023-10-01,VANDALISM,4
ALFONSO ANGLIONGTO SR,2023-10-01,ILLEGAL GAMBLING,16
MAGSAYSAY,2023-10-01,DRUG-RELATED,2
SALOY,2023-10-01,CHILD ABUSE,14
MARAPANGI,2023-10-01,THEFT,17
CARMEN,2023-10-01,MURDER,16
ALFONSO ANGLIONGTO SR,2023-10-01,IDENTITY THEFT,19
BARANGAY 14-B,2023-10-01,ROBBERY,16
NEW VALENCIA,2023-10-01,VANDALISM,20
CATALUNAN GRANDE,2023-10-01,ILLEGAL GAMBLING,24
CATIGAN,2023-10-01,HOMICIDE,2
PAQUIBATO,2023-10-01,ONLINE SCAM,22
LACSON,2023-11-01,CHILD ABUSE,11
LACSON,2023-11-01,MURDER,13
CARMEN,2023-11-01,ILLEGAL GAMBLING,23
GUMITAN,2023-11-01,DRUG-RELATED,13
BARANGAY 14-B,2023-11-01,HOMICIDE,21
BUHANGIN,2023-11-01,THEFT,11
BARANGAY 26-C,2023-11-01,VANDALISM,13
MAGTUOD,2023-11-01,CHILD ABUSE,7
GUMALANG,2023-11-01,IDENTITY THEFT,15
CAWAYAN,2023-11-01,BURGLARY,17
BARANGAY 18-B,2023-11-01,RAPE,13
BALIOK,2023-11-01,THEFT,13
ALFONSO ANGLIONGTO SR,2023-11-01,CARNAPPING,7
SIRIB,2023-11-01,HACKING,16
VICENTE HIZON,2023-11-01,HACKING,8
BARANGAY 9-A,2023-11-01,HOMICIDE,24
MATINA PANGI,2023-11-01,ROBBERY,16
BARANGAY 22-C,2023-11-01,CHILD ABUSE,14
BARANGAY 10-A,2023-11-01,HOMICIDE,22
FATIMA,2023-11-01,ONLINE SCAM,2
PAQUIBATO,2023-11-01,HACKING,6
BARANGAY 2-A,2023-11-01,CHILD ABUSE,16
WINES,2023-11-01,THEFT,18
INDANGAN,2023-11-01,PHYSICAL INJURY,18
TUGBOK,2023-11-01,ILLEGAL GAMBLING,2
CATALUNAN PEQUENO,2023-11-01,ILLEGAL POSSESSION OF FIREARMS,19
TORIL,2023-11-01,PHYSICAL INJURY,10
INDANGAN,2023-11-01,CYBER LIBEL,3
MULIG,2023-11-01,DRUG-RELATED,17
SIRIB,2023-11-01,PHYSICAL INJURY,7
ULAS,2023-11-01,ILLEGAL GAMBLING,19
DUMOY,2023-11-01,IDENTITY THEFT,15
BARANGAY 5-A,2023-11-01,PHYSICAL INJURY,3
BARANGAY 27-C,2023-11-01,HOMICIDE,15
MANUEL GUIANGA,2023-11-01,MURDER,21
SIRIB,2023-11-01,ILLEGAL GAMBLING,22
BARANGAY 14-B,2023-11-01,ROBBERY,14
LIZADA,2023-11-01,DRUG-RELATED,11
BARANGAY 39-D,2023-11-01,BURGLARY,14
COMMUNAL,2023-11-01,THEFT,22
MANUEL GUIANGA,2023-11-01,IDENTITY THEFT,1
ILANG,2023-11-01,CARNAPPING,15
WINES,2023-11-01,HACKING,9
LIZADA,2023-11-01,BURGLARY,17
TACUNAN,2023-11-01,ILLEGAL POSSESSION OF FIREARMS,24
MAA,2023-11-01,IDENTITY THEFT,2
CENTRO SAN JUAN,2023-11-01,ILLEGAL GAMBLING,21
BARANGAY 2-A,2023-11-01,ONLINE SCAM,5
ULAS,2023-11-01,HACKING,18
MARILOG,2023-11-01,DRUG-RELATED,18
BUDA,2023-11-01,IDENTITY THEFT,14
SUBASTA,2023-11-01,HACKING,1
ACACIA,2023-11-01,VANDALISM,4
CATALUNAN PEQUENO,2023-11-01,MURDER,18
BALENGAENG,2023-11-01,CHILD ABUSE,2
NEW VALENCIA,2023-11-01,CARNAPPING,13
GUMITAN,2023-11-01,ONLINE SCAM,15
PANALUM,2023-11-01,BURGLARY,23
SAN ISIDRO,2023-11-01,PHYSICAL INJURY,18
SALUMAY,2023-11-01,ONLINE SCAM,2
CATALUNAN GRANDE,2023-11-01,CARNAPPING,2
MAHAYAG,2023-11-01,ROBBERY,8
WAAN,2023-11-01,MURDER,11
MALABOG,2023-11-01,HACKING,24
TAMAYONG,2023-11-01,IDENTITY THEFT,18
WAAN,2023-11-01,RAPE,4
ACACIA,2023-11-01,CARNAPPING,9
BAO JOAQUIN,2023-11-01,ONLINE SCAM,8
76-A BUCANA,2023-11-01,VANDALISM,1
MANDUG,2023-11-01,IDENTITY THEFT,7
MANDUG,2023-12-01,DRUG-RELATED,13
MAHAYAG,2023-12-01,DRUG-RELATED,7
CABANTIAN,2023-12-01,VANDALISM,6
BARANGAY 22-C,2023-12-01,VANDALISM,19
MULIG,2023-12-01,CYBER LIBEL,16
BARANGAY 23-C,2023-12-01,THEFT,23
BUHANGIN,2023-12-01,HOMICIDE,19
BARANGAY 17-B,2023-12-01,ILLEGAL GAMBLING,13
BARANGAY 37-D,2023-12-01,CARNAPPING,10
CABANTIAN,2023-12-01,IDENTITY THEFT,7
TUNGKALAN,2023-12-01,ONLINE SCAM,8
CATALUNAN PEQUENO,2023-12-01,IDENTITY THEFT,9
BUDA,2023-12-01,ONLINE SCAM,2
BARANGAY 5-A,2023-12-01,MURDER,14
ACACIA,2023-12-01,ROBBERY,1
LAMANAN,2023-12-01,CARNAPPING,20
MAPI-ILA,2023-12-01,CARNAPPING,17
LIZADA,2023-12-01,CHILD ABUSE,22
TIGATTO,2023-12-01,BURGLARY,9
BARANGAY 10-A,2023-12-01,CYBER LIBEL,19
SALAPAWAN,2023-12-01,CHILD ABUSE,7
DALIAO,2023-12-01,VANDALISM,22
BUDA,2023-12-01,ONLINE SCAM,10
CALINAN,2023-12-01,ROBBERY,6
BINUGAO,2023-12-01,HOMICIDE,5
SAN ISIDRO,2023-12-01,HACKING,5
BARANGAY 22-C,2023-12-01,ILLEGAL POSSESSION OF FIREARMS,9
BALENGAENG,2023-12-01,PHYSICAL INJURY,16
SUAWAN,2023-12-01,RAPE,9
BARANGAY 23-C,2023-12-01,RAPE,11
BARANGAY 32-D,2023-12-01,ROBBERY,18
BARANGAY 26-C,2023-12-01,DRUG-RELATED,24
MINTAL,2023-12-01,HOMICIDE,24
PANACAN,2023-12-01,DRUG-RELATED,17
ACACIA,2023-12-01,CARNAPPING,20
TUNGKALAN,2023-12-01,HOMICIDE,13
LACSON,2023-12-01,ROBBERY,7
WANGAN,2023-12-01,HACKING,7
CENTRO SAN JUAN,2023-12-01,CARNAPPING,17
SALAYSAY,2023-12-01,ROBBERY,6
TAGURANO,2023-12-01,CARNAPPING,20
CATIGAN,2023-12-01,VANDALISM,17
WANGAN,2023-12-01,CHILD ABUSE,8
PAMPANGA,2023-12-01,ILLEGAL POSSESSION OF FIREARMS,22
CENTRO SAN JUAN,2023-12-01,CHILD ABUSE,18
BARANGAY 10-A,2023-12-01,CARNAPPING,1
BALENGAENG,2023-12-01,RAPE,6
BUHANGIN,2023-12-01,ROBBERY,23
MARILOG,2023-12-01,HACKING,1
MALAGOS,2023-12-01,CYBER LIBEL,15
BAO ESCUELA,2023-12-01,CHILD ABUSE,15
MAGSAYSAY,2023-12-01,ROBBERY,18
TIBULOY,2023-12-01,ROBBERY,21
MAHAYAG,2023-12-01,ILLEGAL GAMBLING,12
BARANGAY 9-A,2023-12-01,ROBBERY,1
LAMANAN,2023-12-01,HACKING,20
SIRIB,2023-12-01,BURGLARY,2
MABUHAY,2023-12-01,HACKING,17
SUBASTA,2023-12-01,CARNAPPING,5
MALAGOS,2023-12-01,ONLINE SCAM,15
NEW VALENCIA,2023-12-01,MURDER,22
BARANGAY 8-A,2023-12-01,VANDALISM,9
BARANGAY 14-B,2023-12-01,HOMICIDE,1
BARANGAY 17-B,2023-12-01,IDENTITY THEFT,14
LACSON,2023-12-01,RAPE,8
BARANGAY 39-D,2023-12-01,HACKING,23
BARANGAY 13-B,2023-12-01,MURDER,18
ALFONSO ANGLIONGTO SR,2023-12-01,HACKING,15
MATINA APLAYA,2023-12-01,CYBER LIBEL,13
PANACAN,2023-12-01,DRUG-RELATED,15
MINTAL,2024-01-01,MURDER,12
FATIMA,2024-01-01,ILLEGAL GAMBLING,19
INDANGAN,2024-01-01,ILLEGAL GAMBLING,7
DALIAO,2024-01-01,IDENTITY THEFT,9
PANALUM,2024-01-01,RAPE,21
TACUNAN,2024-01-01,RAPE,20
GUMALANG,2024-01-01,IDENTITY THEFT,13
SANTO NINO,2024-01-01,IDENTITY THEFT,6
MANUEL GUIANGA,2024-01-01,THEFT,6
BALIOK,2024-01-01,THEFT,7
FATIMA,2024-01-01,ILLEGAL GAMBLING,21
ANGALAN,2024-01-01,MURDER,18
ACACIA,2024-01-01,CYBER LIBEL,10
TUNGKALAN,2024-01-01,CYBER LIBEL,8
MARILOG,2024-01-01,THEFT,23
AQUINO,2024-01-01,RAPE,13
BUHANGIN,2024-01-01,ONLINE SCAM,2
CALINAN,2024-01-01,HACKING,22
BALIOK,2024-01-01,ONLINE SCAM,13
CALINAN,2024-01-01,THEFT,17
BARANGAY 37-D,2024-01-01,ILLEGAL GAMBLING,5
SASA,2024-01-01,HOMICIDE,1
BARANGAY 37-D,2024-01-01,ILLEGAL GAMBLING,3
SAN ISIDRO,2024-01-01,CARNAPPING,21
TUGBOK,2024-01-01,VANDALISM,8
GUMITAN,2024-01-01,ILLEGAL POSSESSION OF FIREARMS,24
WAAN,2024-01-01,ONLINE SCAM,8
BARANGAY 19-B,2024-01-01,ILLEGAL GAMBLING,3
LASANG,2024-01-01,BURGLARY,9
MAGTUOD,2024-01-01,ILLEGAL POSSESSION OF FIREARMS,16
MALABOG,2024-01-01,ONLINE SCAM,7
BAGO GALLERA,2024-01-01,CHILD ABUSE,4
CENTRO SAN JUAN,2024-01-01,HACKING,2
MINTAL,2024-01-01,CARNAPPING,21
ALFONSO ANGLIONGTO SR,2024-01-01,ILLEGAL GAMBLING,4
CAWAYAN,2024-01-01,CHILD ABUSE,22
TIGATTO,2024-01-01,CARNAPPING,14
TIBUNGCO,2024-01-01,HACKING,12
GUMITAN,2024-01-01,HOMICIDE,9
TALOMO RIVER,2024-01-01,IDENTITY THEFT,18
BARANGAY 23-C,2024-01-01,RAPE,2
BAO ESCUELA,2024-01-01,MURDER,12
BARANGAY 27-C,2024-01-01,MURDER,12
BARANGAY 20-B,2024-01-01,IDENTITY THEFT,2
MAGTUOD,2024-01-01,HACKING,18
ILANG,2024-01-01,ILLEGAL GAMBLING,5
RIVERSIDE,2024-01-01,HACKING,1
BUHANGIN,2024-01-01,ROBBERY,17
TALOMO RIVER,2024-01-01,CHILD ABUSE,2
VICENTE HIZON,2024-01-01,CHILD ABUSE,5
BANTOL,2024-01-01,HOMICIDE,12
TAMUGAN,2024-01-01,RAPE,5
FATIMA,2024-01-01,MURDER,10
BARANGAY 18-B,2024-01-01,HOMICIDE,13
MALABOG,2024-01-01,HACKING,18
TAPAK,2024-01-01,HACKING,3
MALABOG,2024-01-01,CARNAPPING,3
74-A MATINA CROSSING,2024-01-01,IDENTITY THEFT,3
TIGATTO,2024-01-01,CYBER LIBEL,10
BARANGAY 13-B,2024-01-01,ROBBERY,15
BAYABAS,2024-01-01,CARNAPPING,1
PACIANO BANGOY,2024-01-01,ROBBERY,9
BARANGAY 27-C,2024-01-01,BURGLARY,12
BAGANIHAN,2024-01-01,ILLEGAL GAMBLING,19
PACIANO BANGOY,2024-01-01,VANDALISM,5
PANACAN,2024-01-01,PHYSICAL INJURY,23
TAPAK,2024-01-01,HOMICIDE,23
BAGUIO PROPER,2024-01-01,RAPE,13
BARANGAY 26-C,2024-01-01,DRUG-RELATED,12
INDANGAN,2024-01-01,ONLINE SCAM,13
MAGTUOD,2024-02-01,RAPE,7
SUBASTA,2024-02-01,IDENTITY THEFT,9
76-A BUCANA,2024-02-01,MURDER,10
BALENGAENG,2024-02-01,PHYSICAL INJURY,21
TAMUGAN,2024-02-01,PHYSICAL INJURY,7
PAQUIBATO,2024-02-01,ONLINE SCAM,16
TAPAK,2024-02-01,HOMICIDE,3
SALUMAY,2024-02-01,VANDALISM,4
TIGATTO,2024-02-01,ILLEGAL POSSESSION OF FIREARMS,15
BARANGAY 3-A,2024-02-01,CHILD ABUSE,2
TUGBOK,2024-02-01,PHYSICAL INJURY,3
MATINA CROSSING,2024-02-01,BURGLARY,24
BAGUIO PROPER,2024-02-01,CARNAPPING,16
MAPI-ILA,2024-02-01,CARNAPPING,24
PACIANO BANGOY,2024-02-01,CARNAPPING,8
SASA,2024-02-01,CHILD ABUSE,17
BARANGAY 32-D,2024-02-01,THEFT,3
BARANGAY 3-A,2024-02-01,ROBBERY,11
BARANGAY 27-C,2024-02-01,ILLEGAL POSSESSION OF FIREARMS,19
TUGBOK,2024-02-01,ROBBERY,5
BARANGAY 11-A,2024-02-01,VANDALISM,7
DUTERTE,2024-02-01,BURGLARY,19
RIVERSIDE,2024-02-01,VANDALISM,2
BARANGAY 38-D,2024-02-01,IDENTITY THEFT,24
MANUEL GUIANGA,2024-02-01,ONLINE SCAM,19
TALOMO RIVER,2024-02-01,PHYSICAL INJURY,6
SANTO NINO,2024-02-01,VANDALISM,11
ACACIA,2024-02-01,ONLINE SCAM,13
BALENGAENG,2024-02-01,HACKING,8
TACUNAN,2024-02-01,ILLEGAL POSSESSION OF FIREARMS,16
SALUMAY,2024-02-01,IDENTITY THEFT,13
ALFONSO ANGLIONGTO SR,2024-02-01,MURDER,12
76-A BUCANA,2024-02-01,BURGLARY,5
CATALUNAN PEQUENO,2024-02-01,THEFT,20
BARANGAY 28-C,2024-02-01,BURGLARY,22
MATINA PANGI,2024-02-01,RAPE,21
MARAPANGI,2024-02-01,CYBER LIBEL,11
BAGANIHAN,2024-02-01,PHYSICAL INJURY,18
BUDA,2024-02-01,ONLINE SCAM,4
MAGSAYSAY,2024-02-01,DRUG-RELATED,16
TUNGKALAN,2024-02-01,VANDALISM,3
SALOY,2024-02-01,RAPE,10
BARANGAY 3-A,2024-02-01,HOMICIDE,10
MAGSAYSAY,2024-02-01,CARNAPPING,6
ALFONSO ANGLIONGTO SR,2024-02-01,MURDER,15
BARANGAY 28-C,2024-02-01,CHILD ABUSE,10
BAGO GALLERA,2024-02-01,HACKING,16
BARANGAY 28-C,2024-02-01,THEFT,4
SIRIB,2024-02-01,RAPE,21
SUBASTA,2024-02-01,CARNAPPING,5
BUDA,2024-02-01,CHILD ABUSE,14
CABANTIAN,2024-02-01,MURDER,5
BARANGAY 2-A,2024-02-01,HACKING,13
TAMBOBONG,2024-02-01,ILLEGAL POSSESSION OF FIREARMS,1
MULIG,2024-02-01,CARNAPPING,18
BARANGAY 19-B,2024-02-01,RAPE,13
TIBUNGCO,2024-02-01,ILLEGAL POSSESSION OF FIREARMS,19
EDEN,2024-02-01,VANDALISM,13
CABANTIAN,2024-02-01,ILLEGAL POSSESSION OF FIREARMS,24
CALINAN,2024-02-01,HACKING,5
CENTRO SAN JUAN,2024-02-01,ONLINE SCAM,15
MABUHAY,2024-02-01,ONLINE SCAM,10
TUNGKALAN,2024-02-01,CARNAPPING,17
LACSON,2024-02-01,ONLINE SCAM,12
BARANGAY 9-A,2024-02-01,PHYSICAL INJURY,23
TIBUNGCO,2024-02-01,THEFT,24
BUHANGIN,2024-02-01,ROBBERY,9
CATALUNAN GRANDE,2024-02-01,HOMICIDE,16
SALAPAWAN,2024-02-01,RAPE,20
BARANGAY 23-C,2024-02-01,PHYSICAL INJURY,11
BARANGAY 19-B,2024-03-01,MURDER,1
ANGALAN,2024-03-01,HOMICIDE,9
SALUMAY,2024-03-01,MURDER,16
BAYABAS,2024-03-01,RAPE,3
BALIOK,2024-03-01,CHILD ABUSE,13
AGDAO PROPER,2024-03-01,RAPE,3
MAA,2024-03-01,HOMICIDE,21
CARMEN,2024-03-01,CHILD ABUSE,21
CATALUNAN PEQUENO,2024-03-01,ONLINE SCAM,9
INDANGAN,2024-03-01,BURGLARY,13
BARANGAY 18-B,2024-03-01,CHILD ABUSE,3
CENTRO SAN JUAN,2024-03-01,IDENTITY THEFT,20
PANALUM,2024-03-01,HOMICIDE,2
SAN ISIDRO,2024-03-01,ROBBERY,7
DALIAO,2024-03-01,ILLEGAL POSSESSION OF FIREARMS,12
LASANG,2024-03-01,PHYSICAL INJURY,8
BARANGAY 22-C,2024-03-01,MURDER,16
COMMUNAL,2024-03-01,BURGLARY,9
WAAN,2024-03-01,CHILD ABUSE,5
CATIGAN,2024-03-01,IDENTITY THEFT,22
MATINA APLAYA,2024-03-01,ILLEGAL POSSESSION OF FIREARMS,20
MALABOG,2024-03-01,CARNAPPING,21
MAPI-ILA,2024-03-01,CYBER LIBEL,22
TAMBOBONG,2024-03-01,ONLINE SCAM,23
SASA,2024-03-01,VANDALISM,2
TAPAK,2024-03-01,RAPE,1
TUNGKALAN,2024-03-01,DRUG-RELATED,16
SALOY,2024-03-01,HOMICIDE,23
MATINA APLAYA,2024-03-01,ONLINE SCAM,11
SUAWAN,2024-03-01,MURDER,3
BARANGAY 17-B,2024-03-01,ROBBERY,10
CAWAYAN,2024-03-01,ILLEGAL GAMBLING,7
TALOMO RIVER,2024-03-01,MURDER,8
TAMUGAN,2024-03-01,RAPE,23
BAGO APLAYA,2024-03-01,CHILD ABUSE,4
BARANGAY 20-B,2024-03-01,DRUG-RELATED,2
TALOMO RIVER,2024-03-01,VANDALISM,23
BARANGAY 14-B,2024-03-01,MURDER,19
SALUMAY,2024-03-01,BURGLARY,7
BARANGAY 20-B,2024-03-01,MURDER,12
BARANGAY 23-C,2024-03-01,HOMICIDE,20
MARILOG,2024-03-01,CARNAPPING,15
MULIG,2024-03-01,ILLEGAL GAMBLING,1
BARANGAY 39-D,2024-03-01,CYBER LIBEL,12
MANUEL GUIANGA,2024-03-01,ILLEGAL POSSESSION OF FIREARMS,11
BARANGAY 26-C,2024-03-01,ONLINE SCAM,17
BARANGAY 11-A,2024-03-01,ILLEGAL POSSESSION OF FIREARMS,4
MAGSAYSAY,2024-03-01,HOMICIDE,11
BARANGAY 9-A,2024-03-01,VANDALISM,22
LAMANAN,2024-03-01,THEFT,8
PAMPANGA,2024-03-01,CYBER LIBEL,14
ACACIA,2024-03-01,RAPE,15
BAGO OSHIRO,2024-03-01,HOMICIDE,2
LAPU-LAPU,2024-03-01,ONLINE SCAM,4
CALINAN,2024-03-01,ILLEGAL POSSESSION OF FIREARMS,13
SALAYSAY,2024-03-01,CARNAPPING,15
SASA,2024-03-01,MURDER,6
PAQUIBATO,2024-03-01,VANDALISM,6
BARANGAY 27-C,2024-03-01,RAPE,22
LAMANAN,2024-03-01,RAPE,10
AGDAO PROPER,2024-03-01,BURGLARY,6
SANTO NINO,2024-03-01,CHILD ABUSE,24
DUTERTE,2024-03-01,HACKING,18
TACUNAN,2024-03-01,THEFT,7
BAYABAS,2024-03-01,PHYSICAL INJURY,19
TAMAYONG,2024-03-01,CHILD ABUSE,6
DALIAO,2024-03-01,ROBBERY,23
TAGURANO,2024-03-01,RAPE,14
SASA,2024-03-01,VANDALISM,7
ILANG,2024-03-01,IDENTITY THEFT,12
ULAS,2024-04-01,HACKING,15
MANDUG,2024-04-01,ONLINE SCAM,11
MAGTUOD,2024-04-01,CARNAPPING,13
BARANGAY 28-C,2024-04-01,CHILD ABUSE,7
MATINA APLAYA,2024-04-01,CARNAPPING,11
CATALUNAN PEQUENO,2024-04-01,RAPE,8
TAPAK,2024-04-01,MURDER,10
SALAYSAY,2024-04-01,BURGLARY,24
INDANGAN,2024-04-01,DRUG-RELATED,8
GUMITAN,2024-04-01,DRUG-RELATED,14
CATIGAN,2024-04-01,HOMICIDE,10
BINUGAO,2024-04-01,ILLEGAL POSSESSION OF FIREARMS,20
BARANGAY 11-A,2024-04-01,THEFT,2
SUAWAN,2024-04-01,HACKING,5
BARANGAY 38-D,2024-04-01,HOMICIDE,7
TIBUNGCO,2024-04-01,HACKING,3
BARANGAY 22-C,2024-04-01,VANDALISM,1
TUNGKALAN,2024-04-01,CYBER LIBEL,3
MARILOG,2024-04-01,CYBER LIBEL,1
BARANGAY 2-A,2024-04-01,BURGLARY,20
INDANGAN,2024-04-01,RAPE,3
VICENTE HIZON,2024-04-01,DRUG-RELATED,3
SALAPAWAN,2024-04-01,CARNAPPING,16
BAGUIO PROPER,2024-04-01,VANDALISM,8
TALOMO RIVER,2024-04-01,CARNAPPING,14
MAGTUOD,2024-04-01,PHYSICAL INJURY,4
LAPU-LAPU,2024-04-01,CARNAPPING,16
PANACAN,2024-04-01,CARNAPPING,10
MARAPANGI,2024-04-01,CHILD ABUSE,7
TAMBOBONG,2024-04-01,RAPE,15
AQUINO,2024-04-01,ILLEGAL GAMBLING,8
SASA,2024-04-01,MURDER,18
TAMAYONG,2024-04-01,IDENTITY THEFT,10
BARANGAY 27-C,2024-04-01,THEFT,6
MANDUG,2024-04-01,ROBBERY,12
BARANGAY 37-D,2024-04-01,IDENTITY THEFT,13
40-D BOLTON ISLA,2024-04-01,THEFT,4
BARANGAY 26-C,2024-04-01,ONLINE SCAM,21
EDEN,2024-04-01,HACKING,13
MAHAYAG,2024-04-01,RAPE,19
BARANGAY 13-B,2024-04-01,CYBER LIBEL,21
BALIOK,2024-04-01,BURGLARY,20
BARANGAY 13-B,2024-04-01,CARNAPPING,1
TAMUGAN,2024-04-01,ROBBERY,2
BARANGAY 22-C,2024-04-01,THEFT,10
PAQUIBATO,2024-04-01,THEFT,14
ANGALAN,2024-04-01,THEFT,14
BAGANIHAN,2024-04-01,CHILD ABUSE,2
BARANGAY 2-A,2024-04-01,HOMICIDE,24
BAGO GALLERA,2024-04-01,VANDALISM,23
BARANGAY 37-D,2024-04-01,CHILD ABUSE,17
MANUEL GUIANGA,2024-04-01,IDENTITY THEFT,9
SIRIB,2024-04-01,ONLINE SCAM,12
BARANGAY 23-C,2024-04-01,IDENTITY THEFT,4
BARANGAY 28-C,2024-04-01,HOMICIDE,22
RIVERSIDE,2024-04-01,ROBBERY,4
MATINA APLAYA,2024-04-01,IDENTITY THEFT,8
FATIMA,2024-04-01,ILLEGAL GAMBLING,2
TUGBOK,2024-04-01,VANDALISM,16
MATINA PANGI,2024-04-01,BURGLARY,5
BARANGAY 9-A,2024-04-01,IDENTITY THEFT,13
MAA,2024-04-01,MURDER,21
MARAPANGI,2024-04-01,HACKING,7
MALAGOS,2024-04-01,IDENTITY THEFT,23
TAMBOBONG,2024-04-01,PHYSICAL INJURY,24
BUHANGIN,2024-04-01,ILLEGAL POSSESSION OF FIREARMS,3
PAQUIBATO,2024-04-01,RAPE,6
BARANGAY 2-A,2024-04-01,RAPE,6
DUTERTE,2024-04-01,RAPE,24
TALOMO,2024-04-01,ILLEGAL POSSESSION OF FIREARMS,16
MATINA PANGI,2024-05-01,DRUG-RELATED,6
BARANGAY 28-C,2024-05-01,ILLEGAL POSSESSION OF FIREARMS,4
40-D BOLTON ISLA,2024-05-01,VANDALISM,13
ANGALAN,2024-05-01,ROBBERY,16
MARILOG,2024-05-01,CHILD ABUSE,12
BINUGAO,2024-05-01,VANDALISM,24
BARANGAY 2-A,2024-05-01,ILLEGAL GAMBLING,1
BARANGAY 11-A,2024-05-01,HACKING,23
ACACIA,2024-05-01,BURGLARY,23
MATINA APLAYA,2024-05-01,CHILD ABUSE,22
TUNGKALAN,2024-05-01,CYBER LIBEL,24
VICENTE HIZON,2024-05-01,THEFT,9
MAGTUOD,2024-05-01,BURGLARY,9
BARANGAY 8-A,2024-05-01,VANDALISM,6
LOS AMIGOS,2024-05-01,PHYSICAL INJURY,3
BALIOK,2024-05-01,ROBBERY,4
SUAWAN,2024-05-01,DRUG-RELATED,3
TORIL,2024-05-01,CARNAPPING,14
PANALUM,2024-05-01,VANDALISM,1
TAGURANO,2024-05-01,THEFT,9
DUMOY,2024-05-01,DRUG-RELATED,3
SAN ANTONIO,2024-05-01,DRUG-RELATED,15
DALIAO,2024-05-01,THEFT,6
TIGATTO,2024-05-01,MURDER,11
TAMBOBONG,2024-05-01,PHYSICAL INJURY,12
BARANGAY 13-B,2024-05-01,ILLEGAL GAMBLING,7
INDANGAN,2024-05-01,IDENTITY THEFT,21
INDANGAN,2024-05-01,THEFT,22
TALANDANG,2024-05-01,HOMICIDE,18
MAHAYAG,2024-05-01,HOMICIDE,4
AGDAO PROPER,2024-05-01,VANDALISM,7
DUMOY,2024-05-01,DRUG-RELATED,12
BAGANIHAN,2024-05-01,CARNAPPING,23
WINES,2024-05-01,RAPE,9
CATALUNAN PEQUENO,2024-05-01,CYBER LIBEL,11
BARANGAY 3-A,2024-05-01,THEFT,21
BUDA,2024-05-01,HOMICIDE,5
ALAMBRE,2024-05-01,ONLINE SCAM,1
ANGALAN,2024-05-01,IDENTITY THEFT,12
ULAS,2024-05-01,DRUG-RELATED,9
MAGTUOD,2024-05-01,CHILD ABUSE,4
BAO JOAQUIN,2024-05-01,ILLEGAL GAMBLING,8
BUNAWAN,2024-05-01,HOMICIDE,20
BARANGAY 22-C,2024-05-01,PHYSICAL INJURY,3
ULAS,2024-05-01,HOMICIDE,12
PANALUM,2024-05-01,ILLEGAL POSSESSION OF FIREARMS,18
BAGUIO PROPER,2024-05-01,ILLEGAL POSSESSION OF FIREARMS,14
CENTRO SAN JUAN,2024-05-01,PHYSICAL INJURY,2
MABUHAY,2024-05-01,CHILD ABUSE,5
PANALUM,2024-05-01,VANDALISM,5
TIBUNGCO,2024-05-01,CARNAPPING,11
BINUGAO,2024-05-01,BURGLARY,19
BAGO OSHIRO,2024-05-01,VANDALISM,4
SASA,2024-05-01,MURDER,7
PANACAN,2024-05-01,CHILD ABUSE,14
MULIG,2024-05-01,ILLEGAL GAMBLING,6
AGDAO PROPER,2024-05-01,IDENTITY THEFT,16
ULAS,2024-05-01,ROBBERY,15
ANGALAN,2024-05-01,CARNAPPING,17
BALENGAENG,2024-05-01,ONLINE SCAM,19
TALANDANG,2024-05-01,DRUG-RELATED,8
BARANGAY 2-A,2024-05-01,DRUG-RELATED,19
WINES,2024-05-01,IDENTITY THEFT,7
MAPI-ILA,2024-05-01,PHYSICAL INJURY,24
MATINA PANGI,2024-05-01,DRUG-RELATED,21
BAGANIHAN,2024-05-01,DRUG-RELATED,11
TUNGKALAN,2024-05-01,PHYSICAL INJURY,21
BARANGAY 17-B,2024-05-01,VANDALISM,4
ANGALAN,2024-05-01,BURGLARY,8
TALOMO RIVER,2024-05-01,ONLINE SCAM,5
MAPI-ILA,2024-06-01,ILLEGAL POSSESSION OF FIREARMS,22
CABANTIAN,2024-06-01,CARNAPPING,4
TIGATTO,2024-06-01,CARNAPPING,13
MAGTUOD,2024-06-01,MURDER,14
BARANGAY 17-B,2024-06-01,PHYSICAL INJURY,18
BARANGAY 39-D,2024-06-01,RAPE,8
MULIG,2024-06-01,HACKING,1
PANACAN,2024-06-01,DRUG-RELATED,18
GUMALANG,2024-06-01,HOMICIDE,10
SAN ISIDRO,2024-06-01,CHILD ABUSE,13
BANTOL,2024-06-01,HOMICIDE,10
TIBUNGCO,2024-06-01,CHILD ABUSE,10
BUHANGIN,2024-06-01,BURGLARY,21
TALANDANG,2024-06-01,ILLEGAL GAMBLING,21
40-D BOLTON ISLA,2024-06-01,VANDALISM,3
TAMBOBONG,2024-06-01,ILLEGAL GAMBLING,19
ALAMBRE,2024-06-01,DRUG-RELATED,11
MANUEL GUIANGA,2024-06-01,HOMICIDE,4
MARAPANGI,2024-06-01,DRUG-RELATED,11
BARANGAY 5-A,2024-06-01,DRUG-RELATED,2
WAAN,2024-06-01,MURDER,5
TAPAK,2024-06-01,ROBBERY,19
ULAS,2024-06-01,MURDER,12
BAGO OSHIRO,2024-06-01,DRUG-RELATED,2
GUMITAN,2024-06-01,ONLINE SCAM,5
BARANGAY 13-B,2024-06-01,BURGLARY,4
RIVERSIDE,2024-06-01,HACKING,16
DUMOY,2024-06-01,ILLEGAL GAMBLING,3
TIGATTO,2024-06-01,THEFT,6
SALUMAY,2024-06-01,DRUG-RELATED,9
TIGATTO,2024-06-01,BURGLARY,14
SALAYSAY,2024-06-01,CARNAPPING,21
LAMANAN,2024-06-01,PHYSICAL INJURY,11
AGDAO PROPER,2024-06-01,ROBBERY,14
PANACAN,2024-06-01,CARNAPPING,14
VICENTE HIZON,2024-06-01,PHYSICAL INJURY,8
INDANGAN,2024-06-01,CARNAPPING,22
BAGO GALLERA,2024-06-01,HACKING,7
MATINA PANGI,2024-06-01,CARNAPPING,13
SANTO NINO,2024-06-01,CYBER LIBEL,3
TALOMO,2024-06-01,RAPE,17
CALINAN,2024-06-01,ROBBERY,23
AQUINO,2024-06-01,CARNAPPING,14
BARANGAY 22-C,2024-06-01,BURGLARY,20
BAGO APLAYA,2024-06-01,ILLEGAL GAMBLING,18
GUMITAN,2024-06-01,PHYSICAL INJURY,16
RIVERSIDE,2024-06-01,ONLINE SCAM,24
CARMEN,2024-06-01,MURDER,17
BARANGAY 14-B,2024-06-01,ONLINE SCAM,3
BARANGAY 2-A,2024-06-01,IDENTITY THEFT,12
BANTOL,2024-06-01,HACKING,24
MARILOG,2024-06-01,DRUG-RELATED,5
74-A MATINA CROSSING,2024-06-01,CYBER LIBEL,13
MAGTUOD,2024-06-01,DRUG-RELATED,23
SALUMAY,2024-06-01,RAPE,5
LACSON,2024-06-01,THEFT,18
COMMUNAL,2024-06-01,PHYSICAL INJURY,19
MAGSAYSAY,2024-06-01,ILLEGAL POSSESSION OF FIREARMS,8
MATINA APLAYA,2024-06-01,ILLEGAL POSSESSION OF FIREARMS,5
MATINA PANGI,2024-06-01,HOMICIDE,13
LOS AMIGOS,2024-06-01,ROBBERY,6
BARANGAY 17-B,2024-06-01,ILLEGAL GAMBLING,23
ACACIA,2024-06-01,CYBER LIBEL,23
ILANG,2024-06-01,ILLEGAL GAMBLING,1
BAGO OSHIRO,2024-06-01,ONLINE SCAM,23
TAGURANO,2024-06-01,CARNAPPING,1
ULAS,2024-06-01,ONLINE SCAM,8
PACIANO BANGOY,2024-06-01,ONLINE SCAM,1
EDEN,2024-06-01,HACKING,16
TAGURANO,2024-06-01,MURDER,21
TORIL,2024-07-01,HOMICIDE,20
BINUGAO,2024-07-01,CHILD ABUSE,22
PACIANO BANGOY,2024-07-01,VANDALISM,20
SUBASTA,2024-07-01,DRUG-RELATED,19
MATINA PANGI,2024-07-01,THEFT,5
BARANGAY 8-A,2024-07-01,BURGLARY,12
CAWAYAN,2024-07-01,ONLINE SCAM,7
PANACAN,2024-07-01,ONLINE SCAM,16
BAO ESCUELA,2024-07-01,ROBBERY,17
RIVERSIDE,2024-07-01,HOMICIDE,14
TALOMO,2024-07-01,IDENTITY THEFT,12
MALABOG,2024-07-01,ILLEGAL GAMBLING,16
WAAN,2024-07-01,IDENTITY THEFT,8
LASANG,2024-07-01,THEFT,14
AQUINO,2024-07-01,RAPE,16
BARANGAY 22-C,2024-07-01,ILLEGAL POSSESSION OF FIREARMS,21
BARANGAY 23-C,2024-07-01,ILLEGAL POSSESSION OF FIREARMS,14
TACUNAN,2024-07-01,ONLINE SCAM,1
BAGO APLAYA,2024-07-01,HACKING,4
MATINA PANGI,2024-07-01,ONLINE SCAM,8
TALOMO RIVER,2024-07-01,CYBER LIBEL,1
BARANGAY 37-D,2024-07-01,ILLEGAL GAMBLING,2
TUGBOK,2024-07-01,BURGLARY,4
MINTAL,2024-07-01,THEFT,1
SUAWAN,2024-07-01,CARNAPPING,11
MARILOG,2024-07-01,HACKING,3
TIBULOY,2024-07-01,CARNAPPING,22
DUMOY,2024-07-01,VANDALISM,19
MARILOG,2024-07-01,THEFT,17
BUNAWAN,2024-07-01,BURGLARY,2
TIGATTO,2024-07-01,PHYSICAL INJURY,24
SAN ISIDRO,2024-07-01,PHYSICAL INJURY,14
BARANGAY 19-B,2024-07-01,MURDER,3
BARANGAY 18-B,2024-07-01,ROBBERY,9
MARAPANGI,2024-07-01,ROBBERY,22
TAPAK,2024-07-01,PHYSICAL INJURY,18
MALAGOS,2024-07-01,CARNAPPING,16
CAWAYAN,2024-07-01,ILLEGAL POSSESSION OF FIREARMS,21
MINTAL,2024-07-01,BURGLARY,3
ALAMBRE,2024-07-01,CYBER LIBEL,12
CAWAYAN,2024-07-01,RAPE,20
BAGUIO PROPER,2024-07-01,VANDALISM,17
TAGURANO,2024-07-01,THEFT,20
MATINA PANGI,2024-07-01,CHILD ABUSE,12
BALIOK,2024-07-01,THEFT,3
BUDA,2024-07-01,HOMICIDE,10
SALOY,2024-07-01,VANDALISM,3
BARANGAY 2-A,2024-07-01,THEFT,5
AGDAO PROPER,2024-07-01,ROBBERY,15
LACSON,2024-07-01,MURDER,7
BAGO APLAYA,2024-07-01,ILLEGAL GAMBLING,2
PAQUIBATO,2024-07-01,ONLINE SCAM,24
TIBUNGCO,2024-07-01,MURDER,16
BARANGAY 32-D,2024-07-01,ROBBERY,10
RIVERSIDE,2024-07-01,MURDER,17
MAGTUOD,2024-07-01,MURDER,21
DALIAO,2024-07-01,RAPE,22
CALINAN,2024-07-01,MURDER,21
MULIG,2024-07-01,CYBER LIBEL,17
BAO ESCUELA,2024-07-01,ROBBERY,19
TAMBOBONG,2024-07-01,MURDER,2
MAGTUOD,2024-07-01,THEFT,9
EDEN,2024-07-01,RAPE,11
BARANGAY 23-C,2024-07-01,CHILD ABUSE,13
BARANGAY 2-A,2024-07-01,BURGLARY,9
CABANTIAN,2024-07-01,MURDER,15
74-A MATINA CROSSING,2024-07-01,IDENTITY THEFT,20
76-A BUCANA,2024-07-01,ILLEGAL GAMBLING,7
MAGSAYSAY,2024-07-01,ILLEGAL GAMBLING,8
BAGO OSHIRO,2024-07-01,ROBBERY,12
BARANGAY 32-D,2024-08-01,VANDALISM,1
CAWAYAN,2024-08-01,BURGLARY,12
BARANGAY 39-D,2024-08-01,CHILD ABUSE,13
FATIMA,2024-08-01,HACKING,20
VICENTE HIZON,2024-08-01,ILLEGAL GAMBLING,15
BARANGAY 19-B,2024-08-01,VANDALISM,18
DUMOY,2024-08-01,CHILD ABUSE,14
BINUGAO,2024-08-01,CARNAPPING,16
BAGUIO PROPER,2024-08-01,VANDALISM,9
TAPAK,2024-08-01,MURDER,15
GUMALANG,2024-08-01,ILLEGAL POSSESSION OF FIREARMS,19
INDANGAN,2024-08-01,RAPE,10
BALIOK,2024-08-01,MURDER,18
TAPAK,2024-08-01,ILLEGAL GAMBLING,10
BUDA,2024-08-01,PHYSICAL INJURY,4
BARANGAY 17-B,2024-08-01,BURGLARY,7
BAGO GALLERA,2024-08-01,PHYSICAL INJURY,18
MARILOG,2024-08-01,MURDER,14
MINTAL,2024-08-01,CHILD ABUSE,22
CABANTIAN,2024-08-01,CYBER LIBEL,18
MAGTUOD,2024-08-01,ROBBERY,10
BINUGAO,2024-08-01,MURDER,21
TAMBOBONG,2024-08-01,THEFT,14
CABANTIAN,2024-08-01,DRUG-RELATED,8
BARANGAY 26-C,2024-08-01,CYBER LIBEL,13
SAN ISIDRO,2024-08-01,PHYSICAL INJURY,13
MARILOG,2024-08-01,BURGLARY,19
TAMBOBONG,2024-08-01,ILLEGAL POSSESSION OF FIREARMS,3
GUMALANG,2024-08-01,ROBBERY,24
TUNGKALAN,2024-08-01,ONLINE SCAM,22
TIBUNGCO,2024-08-01,HACKING,2
TAMUGAN,2024-08-01,IDENTITY THEFT,12
BALIOK,2024-08-01,CYBER LIBEL,7
ALAMBRE,2024-08-01,ONLINE SCAM,8
CATIGAN,2024-08-01,BURGLARY,9
SUAWAN,2024-08-01,MURDER,14
SALAYSAY,2024-08-01,PHYSICAL INJURY,11
CAWAYAN,2024-08-01,HOMICIDE,20
BARANGAY 37-D,2024-08-01,RAPE,10
ULAS,2024-08-01,HOMICIDE,17
PACIANO BANGOY,2024-08-01,MURDER,2
SALAYSAY,2024-08-01,CYBER LIBEL,7
INDANGAN,2024-08-01,PHYSICAL INJURY,14
MATINA PANGI,2024-08-01,CYBER LIBEL,22
ALAMBRE,2024-08-01,THEFT,7
BINUGAO,2024-08-01,VANDALISM,22
BARANGAY 39-D,2024-08-01,CHILD ABUSE,8
MINTAL,2024-08-01,THEFT,10
MANDUG,2024-08-01,ILLEGAL GAMBLING,8
INDANGAN,2024-08-01,ROBBERY,18
74-A MATINA CROSSING,2024-08-01,VANDALISM,10
PAQUIBATO,2024-08-01,HOMICIDE,21
VICENTE HIZON,2024-08-01,THEFT,11
PACIANO BANGOY,2024-08-01,ROBBERY,23
BARANGAY 2-A,2024-08-01,HOMICIDE,15
MATINA APLAYA,2024-08-01,CARNAPPING,1
TIGATTO,2024-08-01,ROBBERY,6
ALFONSO ANGLIONGTO SR,2024-08-01,HOMICIDE,18
TOMAS MONTEVERDE,2024-08-01,VANDALISM,21
TACUNAN,2024-08-01,MURDER,24
40-D BOLTON ISLA,2024-08-01,ROBBERY,23
76-A BUCANA,2024-08-01,HACKING,24
74-A MATINA CROSSING,2024-08-01,THEFT,2
ANGALAN,2024-08-01,CARNAPPING,14
CAWAYAN,2024-08-01,BURGLARY,9
BARANGAY 26-C,2024-08-01,DRUG-RELATED,10
DALIAO,2024-08-01,PHYSICAL INJURY,19
MAPI-ILA,2024-08-01,CHILD ABUSE,18
ALFONSO ANGLIONGTO SR,2024-08-01,DRUG-RELATED,23
MATINA APLAYA,2024-08-01,CYBER LIBEL,15
MALAGOS,2024-09-01,CYBER LIBEL,24
AQUINO,2024-09-01,ILLEGAL GAMBLING,15
TUNGKALAN,2024-09-01,ILLEGAL GAMBLING,2
BARANGAY 5-A,2024-09-01,CHILD ABUSE,6
BARANGAY 8-A,2024-09-01,THEFT,16
MARAPANGI,2024-09-01,PHYSICAL INJURY,7
TAGURANO,2024-09-01,ILLEGAL GAMBLING,22
CAWAYAN,2024-09-01,ILLEGAL GAMBLING,23
AQUINO,2024-09-01,ILLEGAL POSSESSION OF FIREARMS,19
PAMPANGA,2024-09-01,CHILD ABUSE,18
BARANGAY 3-A,2024-09-01,ROBBERY,13
COMMUNAL,2024-09-01,ONLINE SCAM,20
PAQUIBATO,2024-09-01,IDENTITY THEFT,13
BARANGAY 8-A,2024-09-01,RAPE,1
CABANTIAN,2024-09-01,RAPE,15
MANDUG,2024-09-01,ONLINE SCAM,10
GUMALANG,2024-09-01,CHILD ABUSE,4
DUMOY,2024-09-01,RAPE,20
MULIG,2024-09-01,HACKING,23
MULIG,2024-09-01,DRUG-RELATED,12
BARANGAY 18-B,2024-09-01,HOMICIDE,14
LASANG,2024-09-01,CYBER LIBEL,1
CATALUNAN GRANDE,2024-09-01,ILLEGAL GAMBLING,5
BAGO OSHIRO,2024-09-01,RAPE,23
SAN ANTONIO,2024-09-01,CYBER LIBEL,8
MANUEL GUIANGA,2024-09-01,ILLEGAL POSSESSION OF FIREARMS,22
ULAS,2024-09-01,THEFT,22
BARANGAY 10-A,2024-09-01,HOMICIDE,11
MATINA APLAYA,2024-09-01,ILLEGAL GAMBLING,16
GUMALANG,2024-09-01,ILLEGAL GAMBLING,5
TUNGKALAN,2024-09-01,ILLEGAL POSSESSION OF FIREARMS,3
AQUINO,2024-09-01,IDENTITY THEFT,22
TAPAK,2024-09-01,MURDER,6
SAN ANTONIO,2024-09-01,BURGLARY,5
76-A BUCANA,2024-09-01,ILLEGAL GAMBLING,13
ACACIA,2024-09-01,CHILD ABUSE,1
TIBULOY,2024-09-01,ROBBERY,4
TIBUNGCO,2024-09-01,THEFT,21
SASA,2024-09-01,MURDER,23
BUHANGIN,2024-09-01,CARNAPPING,8
MAPI-ILA,2024-09-01,ILLEGAL GAMBLING,10
LAMANAN,2024-09-01,RAPE,21
LACSON,2024-09-01,PHYSICAL INJURY,21
BARANGAY 9-A,2024-09-01,CYBER LIBEL,22
LAPU-LAPU,2024-09-01,RAPE,4
MANUEL GUIANGA,2024-09-01,PHYSICAL INJURY,4
MAGTUOD,2024-09-01,HACKING,19
TUNGKALAN,2024-09-01,CHILD ABUSE,14
PACIANO BANGOY,2024-09-01,CYBER LIBEL,19
CALINAN,2024-09-01,ILLEGAL GAMBLING,15
ULAS,2024-09-01,HOMICIDE,4
GUMALANG,2024-09-01,CARNAPPING,12
BALENGAENG,2024-09-01,CARNAPPING,6
DUTERTE,2024-09-01,ONLINE SCAM,3
BAYABAS,2024-09-01,BURGLARY,14
AGDAO PROPER,2024-09-01,ROBBERY,10
BARANGAY 28-C,2024-09-01,PHYSICAL INJURY,23
BAGANIHAN,2024-09-01,VANDALISM,17
VICENTE HIZON,2024-09-01,RAPE,9
TOMAS MONTEVERDE,2024-09-01,PHYSICAL INJURY,7
BAGO GALLERA,2024-09-01,ILLEGAL GAMBLING,2
CARMEN,2024-09-01,PHYSICAL INJURY,1
SIRIB,2024-09-01,CARNAPPING,11
SIRIB,2024-09-01,THEFT,2
CATALUNAN GRANDE,2024-09-01,VANDALISM,7
AQUINO,2024-09-01,ILLEGAL GAMBLING,2
AGDAO PROPER,2024-09-01,HACKING,2
TIBULOY,2024-09-01,ILLEGAL GAMBLING,1
TAGURANO,2024-09-01,IDENTITY THEFT,6
BAGUIO PROPER,2024-09-01,ONLINE SCAM,15
SALAYSAY,2024-10-01,HACKING,11
MANDUG,2024-10-01,CYBER LIBEL,21
INDANGAN,2024-10-01,VANDALISM,12
WINES,2024-10-01,ROBBERY,15
VICENTE HIZON,2024-10-01,VANDALISM,16
BARANGAY 28-C,2024-10-01,HACKING,20
EDEN,2024-10-01,HOMICIDE,8
SALAPAWAN,2024-10-01,DRUG-RELATED,6
BARANGAY 32-D,2024-10-01,MURDER,10
LAPU-LAPU,2024-10-01,HACKING,16
BAGO APLAYA,2024-10-01,CARNAPPING,18
BAGUIO PROPER,2024-10-01,ROBBERY,12
MATINA PANGI,2024-10-01,ILLEGAL GAMBLING,7
74-A MATINA CROSSING,2024-10-01,HACKING,16
GUMITAN,2024-10-01,ROBBERY,11
MARILOG,2024-10-01,DRUG-RELATED,22
INDANGAN,2024-10-01,HACKING,15
AQUINO,2024-10-01,BURGLARY,8
VICENTE HIZON,2024-10-01,ROBBERY,17
CALINAN,2024-10-01,CYBER LIBEL,3
TAPAK,2024-10-01,CYBER LIBEL,11
BARANGAY 22-C,2024-10-01,VANDALISM,14
LAMANAN,2024-10-01,CARNAPPING,5
TIBULOY,2024-10-01,ONLINE SCAM,1
SALAPAWAN,2024-10-01,RAPE,22
MAGTUOD,2024-10-01,HACKING,23
CENTRO SAN JUAN,2024-10-01,ONLINE SCAM,14
MATINA APLAYA,2024-10-01,DRUG-RELATED,19
BARANGAY 22-C,2024-10-01,RAPE,13
MAGSAYSAY,2024-10-01,ILLEGAL GAMBLING,5
MALABOG,2024-10-01,HACKING,22
COMMUNAL,2024-10-01,MURDER,21
WAAN,2024-10-01,DRUG-RELATED,20
LUBOGAN,2024-10-01,IDENTITY THEFT,15
CAWAYAN,2024-10-01,THEFT,12
LAMANAN,2024-10-01,IDENTITY THEFT,7
MABUHAY,2024-10-01,PHYSICAL INJURY,21
BAO JOAQUIN,2024-10-01,ROBBERY,22
BARANGAY 20-B,2024-10-01,BURGLARY,7
GUMITAN,2024-10-01,MURDER,4
SALAYSAY,2024-10-01,IDENTITY THEFT,9
LOS AMIGOS,2024-10-01,ONLINE SCAM,2
TAGURANO,2024-10-01,RAPE,13
BARANGAY 3-A,2024-10-01,CYBER LIBEL,11
ALAMBRE,2024-10-01,MURDER,1
TAPAK,2024-10-01,DRUG-RELATED,18
MAGSAYSAY,2024-10-01,ILLEGAL GAMBLING,17
BARANGAY 19-B,2024-10-01,DRUG-RELATED,22
DUTERTE,2024-10-01,THEFT,12
BARANGAY 20-B,2024-10-01,HACKING,16
TIBULOY,2024-10-01,IDENTITY THEFT,19
CATIGAN,2024-10-01,HACKING,4
BARANGAY 3-A,2024-10-01,PHYSICAL INJURY,8
BARANGAY 18-B,2024-10-01,VANDALISM,2
DUTERTE,2024-10-01,CYBER LIBEL,18
DUTERTE,2024-10-01,BURGLARY,2
PANALUM,2024-10-01,THEFT,23
MANUEL GUIANGA,2024-10-01,HACKING,1
BARANGAY 14-B,2024-10-01,PHYSICAL INJURY,23
TUGBOK,2024-10-01,CYBER LIBEL,21
MALAGOS,2024-10-01,CYBER LIBEL,24
SUAWAN,2024-10-01,ROBBERY,13
BARANGAY 17-B,2024-10-01,MURDER,21
CATIGAN,2024-10-01,HACKING,6
MAPI-ILA,2024-10-01,ROBBERY,7
PANALUM,2024-10-01,HACKING,24
MAA,2024-10-01,THEFT,19
TUGBOK,2024-10-01,MURDER,5
MINTAL,2024-10-01,THEFT,10
BAO JOAQUIN,2024-10-01,PHYSICAL INJURY,12
DUTERTE,2024-11-01,BURGLARY,7
BALIOK,2024-11-01,PHYSICAL INJURY,7
MATINA PANGI,2024-11-01,ONLINE SCAM,4
GUMITAN,2024-11-01,ILLEGAL GAMBLING,24
LAMANAN,2024-11-01,CYBER LIBEL,3
TALOMO RIVER,2024-11-01,CHILD ABUSE,16
MAGTUOD,2024-11-01,ILLEGAL POSSESSION OF FIREARMS,11
SALAYSAY,2024-11-01,ROBBERY,20
SALAYSAY,2024-11-01,ILLEGAL GAMBLING,19
TIBUNGCO,2024-11-01,ILLEGAL POSSESSION OF FIREARMS,12
BAGANIHAN,2024-11-01,DRUG-RELATED,24
SIRIB,2024-11-01,ILLEGAL POSSESSION OF FIREARMS,18
MANUEL GUIANGA,2024-11-01,THEFT,6
BANTOL,2024-11-01,CARNAPPING,23
BARANGAY 20-B,2024-11-01,ILLEGAL GAMBLING,10
LACSON,2024-11-01,DRUG-RELATED,20
MABUHAY,2024-11-01,ILLEGAL POSSESSION OF FIREARMS,20
LAMANAN,2024-11-01,THEFT,23
TAGURANO,2024-11-01,DRUG-RELATED,19
AGDAO PROPER,2024-11-01,BURGLARY,14
FATIMA,2024-11-01,DRUG-RELATED,8
TALOMO,2024-11-01,BURGLARY,9
BAO JOAQUIN,2024-11-01,ILLEGAL GAMBLING,1
BARANGAY 20-B,2024-11-01,RAPE,14
TOMAS MONTEVERDE,2024-11-01,VANDALISM,23
TOMAS MONTEVERDE,2024-11-01,BURGLARY,19
DUTERTE,2024-11-01,BURGLARY,13
GUMALANG,2024-11-01,PHYSICAL INJURY,11
74-A MATINA CROSSING,2024-11-01,VANDALISM,1
TUNGKALAN,2024-11-01,CYBER LIBEL,1
MATINA CROSSING,2024-11-01,MURDER,17
BAYABAS,2024-11-01,RAPE,1
BAGO OSHIRO,2024-11-01,HOMICIDE,15
BAGUIO PROPER,2024-11-01,CYBER LIBEL,5
GUMITAN,2024-11-01,THEFT,23
GUMALANG,2024-11-01,HOMICIDE,17
PANACAN,2024-11-01,RAPE,4
ALFONSO ANGLIONGTO SR,2024-11-01,THEFT,10
MALABOG,2024-11-01,VANDALISM,14
BARANGAY 37-D,2024-11-01,VANDALISM,6
BAGANIHAN,2024-11-01,ILLEGAL POSSESSION OF FIREARMS,7
BARANGAY 13-B,2024-11-01,BURGLARY,22
MAHAYAG,2024-11-01,ONLINE SCAM,10
CALINAN,2024-11-01,HOMICIDE,23
BAGUIO PROPER,2024-11-01,ROBBERY,2
GUMALANG,2024-11-01,ILLEGAL POSSESSION OF FIREARMS,11
ALAMBRE,2024-11-01,PHYSICAL INJURY,23
MABUHAY,2024-11-01,PHYSICAL INJURY,1
LAMANAN,2024-11-01,IDENTITY THEFT,11
BAYABAS,2024-11-01,CYBER LIBEL,23
CARMEN,2024-11-01,PHYSICAL INJURY,8
ALFONSO ANGLIONGTO SR,2024-11-01,PHYSICAL INJURY,7
SAN ISIDRO,2024-11-01,THEFT,5
SALUMAY,2024-11-01,ILLEGAL GAMBLING,4
BARANGAY 28-C,2024-11-01,CARNAPPING,1
LASANG,2024-11-01,VANDALISM,17
BINUGAO,2024-11-01,DRUG-RELATED,24
DUMOY,2024-11-01,DRUG-RELATED,13
DUMOY,2024-11-01,HACKING,18
BARANGAY 28-C,2024-11-01,CARNAPPING,17
MARAPANGI,2024-11-01,ROBBERY,19
TALOMO RIVER,2024-11-01,VANDALISM,14
MARILOG,2024-11-01,CHILD ABUSE,12
MAPI-ILA,2024-11-01,BURGLARY,15
LIZADA,2024-11-01,ROBBERY,20
CATALUNAN GRANDE,2024-11-01,PHYSICAL INJURY,5
SALOY,2024-11-01,VANDALISM,24
AGDAO PROPER,2024-11-01,HACKING,21
MATINA APLAYA,2024-11-01,IDENTITY THEFT,13
SUAWAN,2024-11-01,ROBBERY,23
SALOY,2024-12-01,ILLEGAL POSSESSION OF FIREARMS,3
BARANGAY 28-C,2024-12-01,PHYSICAL INJURY,10
DALIAO,2024-12-01,ROBBERY,1
ALAMBRE,2024-12-01,RAPE,11
BALIOK,2024-12-01,THEFT,5
BARANGAY 20-B,2024-12-01,ILLEGAL GAMBLING,21
VICENTE HIZON,2024-12-01,RAPE,11
BARANGAY 22-C,2024-12-01,CYBER LIBEL,20
TALANDANG,2024-12-01,BURGLARY,18
PACIANO BANGOY,2024-12-01,CARNAPPING,5
BARANGAY 26-C,2024-12-01,CARNAPPING,13
TAPAK,2024-12-01,CARNAPPING,11
TAMAYONG,2024-12-01,ONLINE SCAM,10
SALOY,2024-12-01,CHILD ABUSE,23
BAYABAS,2024-12-01,ONLINE SCAM,24
BUNAWAN,2024-12-01,IDENTITY THEFT,22
PAQUIBATO,2024-12-01,CYBER LIBEL,14
SUBASTA,2024-12-01,ROBBERY,5
BARANGAY 2-A,2024-12-01,PHYSICAL INJURY,23
SASA,2024-12-01,BURGLARY,10
TACUNAN,2024-12-01,HACKING,4
BARANGAY 8-A,2024-12-01,DRUG-RELATED,5
LOS AMIGOS,2024-12-01,HACKING,14
BAGO APLAYA,2024-12-01,MURDER,2
RIVERSIDE,2024-12-01,ONLINE SCAM,16
INDANGAN,2024-12-01,ROBBERY,17
PACIANO BANGOY,2024-12-01,CYBER LIBEL,9
CATIGAN,2024-12-01,VANDALISM,5
BARANGAY 3-A,2024-12-01,DRUG-RELATED,5
TORIL,2024-12-01,PHYSICAL INJURY,8
BARANGAY 2-A,2024-12-01,CYBER LIBEL,6
GUMITAN,2024-12-01,VANDALISM,22
MATINA APLAYA,2024-12-01,ILLEGAL POSSESSION OF FIREARMS,19
SASA,2024-12-01,ILLEGAL GAMBLING,5
SASA,2024-12-01,RAPE,18
BARANGAY 14-B,2024-12-01,IDENTITY THEFT,10
ALAMBRE,2024-12-01,THEFT,10
BARANGAY 18-B,2024-12-01,IDENTITY THEFT,14
TAMAYONG,2024-12-01,MURDER,14
CALINAN,2024-12-01,ONLINE SCAM,7
WINES,2024-12-01,HOMICIDE,18
FATIMA,2024-12-01,IDENTITY THEFT,17
ILANG,2024-12-01,THEFT,24
TALOMO RIVER,2024-12-01,CYBER LIBEL,24
BARANGAY 17-B,2024-12-01,ILLEGAL POSSESSION OF FIREARMS,9
BANTOL,2024-12-01,IDENTITY THEFT,8
BARANGAY 10-A,2024-12-01,CHILD ABUSE,3
CENTRO SAN JUAN,2024-12-01,ONLINE SCAM,2
WINES,2024-12-01,THEFT,5
TAMBOBONG,2024-12-01,THEFT,21
CALINAN,2024-12-01,PHYSICAL INJURY,10
MARILOG,2024-12-01,ILLEGAL POSSESSION OF FIREARMS,23
WINES,2024-12-01,PHYSICAL INJURY,2
76-A BUCANA,2024-12-01,IDENTITY THEFT,20
SUAWAN,2024-12-01,IDENTITY THEFT,2
BARANGAY 28-C,2024-12-01,RAPE,5
ALAMBRE,2024-12-01,MURDER,22
BAGO GALLERA,2024-12-01,HOMICIDE,24
VICENTE HIZON,2024-12-01,ONLINE SCAM,14
BINUGAO,2024-12-01,THEFT,21
MINTAL,2024-12-01,MURDER,5
BAGO GALLERA,2024-12-01,MURDER,21
BAGO OSHIRO,2024-12-01,ILLEGAL POSSESSION OF FIREARMS,21
BARANGAY 37-D,2024-12-01,BURGLARY,6
ULAS,2024-12-01,ILLEGAL POSSESSION OF FIREARMS,12
GUMALANG,2024-12-01,RAPE,24
BARANGAY 28-C,2024-12-01,MURDER,18
BALIOK,2024-12-01,CARNAPPING,7
TALOMO,2024-12-01,THEFT,21
BARANGAY 26-C,2024-12-01,BURGLARY,3
TAMUGAN,2025-01-01,ILLEGAL POSSESSION OF FIREARMS,20
BARANGAY 9-A,2025-01-01,ILLEGAL GAMBLING,19
TALANDANG,2025-01-01,ONLINE SCAM,15
ALAMBRE,2025-01-01,DRUG-RELATED,13
MANUEL GUIANGA,2025-01-01,IDENTITY THEFT,18
SALUMAY,2025-01-01,CYBER LIBEL,1
TORIL,2025-01-01,THEFT,19
SANTO NINO,2025-01-01,ILLEGAL POSSESSION OF FIREARMS,24
SASA,2025-01-01,PHYSICAL INJURY,6
LACSON,2025-01-01,CHILD ABUSE,14
SAN ANTONIO,2025-01-01,HOMICIDE,23
BARANGAY 18-B,2025-01-01,CYBER LIBEL,11
BARANGAY 17-B,2025-01-01,DRUG-RELATED,1
BAO ESCUELA,2025-01-01,RAPE,24
ILANG,2025-01-01,CARNAPPING,21
MAHAYAG,2025-01-01,HACKING,23
TIBUNGCO,2025-01-01,THEFT,9
DUMOY,2025-01-01,CHILD ABUSE,2
MARAPANGI,2025-01-01,HOMICIDE,1
DALIAO,2025-01-01,BURGLARY,16
PAQUIBATO,2025-01-01,MURDER,16
BAO ESCUELA,2025-01-01,VANDALISM,2
TALOMO,2025-01-01,ILLEGAL POSSESSION OF FIREARMS,2
SALAPAWAN,2025-01-01,CYBER LIBEL,21
TAPAK,2025-01-01,CARNAPPING,17
PAMPANGA,2025-01-01,THEFT,21
BARANGAY 11-A,2025-01-01,CYBER LIBEL,13
FATIMA,2025-01-01,PHYSICAL INJURY,3
WANGAN,2025-01-01,THEFT,3
TAMAYONG,2025-01-01,CHILD ABUSE,23
CALINAN,2025-01-01,CARNAPPING,13
MAGTUOD,2025-01-01,HOMICIDE,4
BALENGAENG,2025-01-01,HOMICIDE,8
MULIG,2025-01-01,ROBBERY,15
BARANGAY 18-B,2025-01-01,ONLINE SCAM,21
74-A MATINA CROSSING,2025-01-01,PHYSICAL INJURY,11
LUBOGAN,2025-01-01,CYBER LIBEL,22
TIGATTO,2025-01-01,DRUG-RELATED,22
TACUNAN,2025-01-01,ROBBERY,8
ALFONSO ANGLIONGTO SR,2025-01-01,RAPE,16
MATINA CROSSING,2025-01-01,ILLEGAL POSSESSION OF FIREARMS,22
WANGAN,2025-01-01,PHYSICAL INJURY,18
MABUHAY,2025-01-01,HACKING,2
ULAS,2025-01-01,ILLEGAL GAMBLING,10
MAPI-ILA,2025-01-01,CHILD ABUSE,20
ALAMBRE,2025-01-01,ILLEGAL POSSESSION OF FIREARMS,5
TORIL,2025-01-01,ILLEGAL GAMBLING,23
SALAYSAY,2025-01-01,CHILD ABUSE,4
SASA,2025-01-01,IDENTITY THEFT,2
BANTOL,2025-01-01,CYBER LIBEL,14
LAPU-LAPU,2025-01-01,CHILD ABUSE,17
WAAN,2025-01-01,THEFT,7
BARANGAY 3-A,2025-01-01,PHYSICAL INJURY,19
BAO JOAQUIN,2025-01-01,PHYSICAL INJURY,2
LIZADA,2025-01-01,HACKING,5
TUNGKALAN,2025-01-01,ONLINE SCAM,16
DALIAO,2025-01-01,ONLINE SCAM,19
TALANDANG,2025-01-01,BURGLARY,16
PANALUM,2025-01-01,HACKING,22
BARANGAY 13-B,2025-01-01,RAPE,14
MANUEL GUIANGA,2025-01-01,PHYSICAL INJURY,21
CATALUNAN PEQUENO,2025-01-01,DRUG-RELATED,5
BARANGAY 13-B,2025-01-01,ILLEGAL GAMBLING,9
WINES,2025-01-01,PHYSICAL INJURY,10
MANUEL GUIANGA,2025-01-01,VANDALISM,2
ALAMBRE,2025-01-01,MURDER,3
LUBOGAN,2025-01-01,IDENTITY THEFT,21
SANTO NINO,2025-01-01,HOMICIDE,23
BARANGAY 27-C,2025-01-01,CARNAPPING,23
LIZADA,2025-01-01,IDENTITY THEFT,7
SASA,2025-02-01,ILLEGAL GAMBLING,13
TORIL,2025-02-01,ILLEGAL POSSESSION OF FIREARMS,1
BARANGAY 13-B,2025-02-01,ILLEGAL POSSESSION OF FIREARMS,1
SALUMAY,2025-02-01,CHILD ABUSE,13
VICENTE HIZON,2025-02-01,DRUG-RELATED,3
CATIGAN,2025-02-01,ROBBERY,18
LIZADA,2025-02-01,CYBER LIBEL,7
40-D BOLTON ISLA,2025-02-01,VANDALISM,15
DUTERTE,2025-02-01,THEFT,17
GUMITAN,2025-02-01,VANDALISM,23
PAQUIBATO,2025-02-01,IDENTITY THEFT,10
BARANGAY 26-C,2025-02-01,PHYSICAL INJURY,5
LAMANAN,2025-02-01,RAPE,16
BUDA,2025-02-01,HACKING,12
PACIANO BANGOY,2025-02-01,HACKING,22
LUBOGAN,2025-02-01,CYBER LIBEL,18
EDEN,2025-02-01,CHILD ABUSE,18
74-A MATINA CROSSING,2025-02-01,VANDALISM,23
DALIAO,2025-02-01,CYBER LIBEL,17
SUBASTA,2025-02-01,THEFT,21
BARANGAY 10-A,2025-02-01,IDENTITY THEFT,9
LAPU-LAPU,2025-02-01,CYBER LIBEL,23
TALOMO RIVER,2025-02-01,ROBBERY,10
ACACIA,2025-02-01,HACKING,10
MATINA PANGI,2025-02-01,RAPE,1
TACUNAN,2025-02-01,CYBER LIBEL,24
CATIGAN,2025-02-01,DRUG-RELATED,24
BARANGAY 39-D,2025-02-01,ONLINE SCAM,4
SUAWAN,2025-02-01,IDENTITY THEFT,12
DUMOY,2025-02-01,CYBER LIBEL,23
MARILOG,2025-02-01,ONLINE SCAM,4
TOMAS MONTEVERDE,2025-02-01,RAPE,22
BAGO APLAYA,2025-02-01,HOMICIDE,8
SUAWAN,2025-02-01,ROBBERY,20
LAPU-LAPU,2025-02-01,RAPE,2
MINTAL,2025-02-01,CHILD ABUSE,20
DALIAO,2025-02-01,CHILD ABUSE,3
CARMEN,2025-02-01,ILLEGAL POSSESSION OF FIREARMS,3
SALAPAWAN,2025-02-01,BURGLARY,14
BARANGAY 2-A,2025-02-01,THEFT,12
WANGAN,2025-02-01,HOMICIDE,23
76-A BUCANA,2025-02-01,HACKING,13
CARMEN,2025-02-01,HACKING,19
INDANGAN,2025-02-01,MURDER,8
DALIAO,2025-02-01,ROBBERY,9
SASA,2025-02-01,CYBER LIBEL,12
BARANGAY 22-C,2025-02-01,MURDER,24
BARANGAY 2-A,2025-02-01,RAPE,22
MATINA CROSSING,2025-02-01,HACKING,15
MAGSAYSAY,2025-02-01,PHYSICAL INJURY,7
PANALUM,2025-02-01,ROBBERY,13
PAMPANGA,2025-02-01,ONLINE SCAM,4
MAA,2025-02-01,MURDER,12
PAMPANGA,2025-02-01,BURGLARY,11
SALOY,2025-02-01,MURDER,13
MARAPANGI,2025-02-01,HACKING,6
MARILOG,2025-02-01,HACKING,17
MARAPANGI,2025-02-01,IDENTITY THEFT,23
PANACAN,2025-02-01,HOMICIDE,4
SAN ISIDRO,2025-02-01,IDENTITY THEFT,2
MAGTUOD,2025-02-01,PHYSICAL INJURY,11
SALUMAY,2025-02-01,ILLEGAL POSSESSION OF FIREARMS,2
TIGATTO,2025-02-01,IDENTITY THEFT,8
BARANGAY 26-C,2025-02-01,ROBBERY,23
CATALUNAN GRANDE,2025-02-01,CHILD ABUSE,22
BAGO GALLERA,2025-02-01,RAPE,24
74-A MATINA CROSSING,2025-02-01,BURGLARY,23
MATINA CROSSING,2025-02-01,BURGLARY,13
RIVERSIDE,2025-02-01,VANDALISM,15
BARANGAY 32-D,2025-02-01,ILLEGAL POSSESSION OF FIREARMS,9
MULIG,2025-03-01,CHILD ABUSE,20
BARANGAY 26-C,2025-03-01,ILLEGAL POSSESSION OF FIREARMS,5
BARANGAY 3-A,2025-03-01,MURDER,21
BARANGAY 9-A,2025-03-01,HACKING,18
BARANGAY 18-B,2025-03-01,THEFT,16
MABUHAY,2025-03-01,BURGLARY,19
BINUGAO,2025-03-01,RAPE,4
MANUEL GUIANGA,2025-03-01,PHYSICAL INJURY,8
MANUEL GUIANGA,2025-03-01,ROBBERY,13
MARILOG,2025-03-01,CYBER LIBEL,19
BAYABAS,2025-03-01,ROBBERY,1
TAMBOBONG,2025-03-01,DRUG-RELATED,9
COMMUNAL,2025-03-01,PHYSICAL INJURY,24
BARANGAY 19-B,2025-03-01,ILLEGAL POSSESSION OF FIREARMS,16
PANALUM,2025-03-01,VANDALISM,12
TALOMO,2025-03-01,HOMICIDE,4
MAGTUOD,2025-03-01,ROBBERY,24
CATALUNAN GRANDE,2025-03-01,PHYSICAL INJURY,2
40-D BOLTON ISLA,2025-03-01,MURDER,7
CATIGAN,2025-03-01,HOMICIDE,3
SANTO NINO,2025-03-01,BURGLARY,16
MAA,2025-03-01,ILLEGAL POSSESSION OF FIREARMS,13
BAGUIO PROPER,2025-03-01,CHILD ABUSE,1
ACACIA,2025-03-01,HACKING,20
PAQUIBATO,2025-03-01,RAPE,5
MALAGOS,2025-03-01,ONLINE SCAM,2
BAO ESCUELA,2025-03-01,DRUG-RELATED,18
BARANGAY 13-B,2025-03-01,ILLEGAL POSSESSION OF FIREARMS,8
BARANGAY 22-C,2025-03-01,ILLEGAL GAMBLING,18
MAPI-ILA,2025-03-01,HACKING,1
ILANG,2025-03-01,HOMICIDE,11
SUAWAN,2025-03-01,VANDALISM,3
BARANGAY 8-A,2025-03-01,RAPE,10
BAO JOAQUIN,2025-03-01,HACKING,15
DUMOY,2025-03-01,HOMICIDE,22
BAGANIHAN,2025-03-01,CHILD ABUSE,1
TORIL,2025-03-01,HACKING,12
TAGURANO,2025-03-01,CARNAPPING,14
BAYABAS,2025-03-01,ONLINE SCAM,7
TAMBOBONG,2025-03-01,ILLEGAL POSSESSION OF FIREARMS,1
MAA,2025-03-01,CARNAPPING,24
BANTOL,2025-03-01,BURGLARY,16
SUBASTA,2025-03-01,CYBER LIBEL,3
SALAYSAY,2025-03-01,CHILD ABUSE,16
PANACAN,2025-03-01,IDENTITY THEFT,7
LAMANAN,2025-03-01,CARNAPPING,5
MAGSAYSAY,2025-03-01,CHILD ABUSE,13
BARANGAY 11-A,2025-03-01,RAPE,18
SIRIB,2025-03-01,VANDALISM,17
LASANG,2025-03-01,RAPE,11
COMMUNAL,2025-03-01,ILLEGAL GAMBLING,11
MAA,2025-03-01,PHYSICAL INJURY,2
MARAPANGI,2025-03-01,ROBBERY,12
WINES,2025-03-01,MURDER,4
BALIOK,2025-03-01,ONLINE SCAM,2
BARANGAY 14-B,2025-03-01,DRUG-RELATED,21
BAGO APLAYA,2025-03-01,BURGLARY,22
PANALUM,2025-03-01,MURDER,24
CALINAN,2025-03-01,DRUG-RELATED,8
LASANG,2025-03-01,HOMICIDE,6
SALOY,2025-03-01,VANDALISM,8
MARAPANGI,2025-03-01,BURGLARY,16
BARANGAY 28-C,2025-03-01,THEFT,20
WANGAN,2025-03-01,HOMICIDE,14
TAMUGAN,2025-03-01,MURDER,3
BARANGAY 11-A,2025-03-01,BURGLARY,19
TIBULOY,2025-03-01,ILLEGAL POSSESSION OF FIREARMS,21
BARANGAY 13-B,2025-03-01,VANDALISM,20
BARANGAY 23-C,2025-03-01,MURDER,10
AQUINO,2025-03-01,CARNAPPING,8
CENTRO SAN JUAN,2025-04-01,CARNAPPING,22
BARANGAY 26-C,2025-04-01,VANDALISM,9
BARANGAY 38-D,2025-04-01,DRUG-RELATED,5
BARANGAY 14-B,2025-04-01,RAPE,13
TORIL,2025-04-01,PHYSICAL INJURY,10
MINTAL,2025-04-01,PHYSICAL INJURY,1
BARANGAY 8-A,2025-04-01,CYBER LIBEL,17
ULAS,2025-04-01,CYBER LIBEL,10
LUBOGAN,2025-04-01,CHILD ABUSE,3
LIZADA,2025-04-01,DRUG-RELATED,18
MATINA PANGI,2025-04-01,RAPE,5
SANTO NINO,2025-04-01,RAPE,22
RIVERSIDE,2025-04-01,ILLEGAL POSSESSION OF FIREARMS,17
DUTERTE,2025-04-01,VANDALISM,22
MANUEL GUIANGA,2025-04-01,ILLEGAL GAMBLING,15
ANGALAN,2025-04-01,ONLINE SCAM,16
TAPAK,2025-04-01,PHYSICAL INJURY,13
BARANGAY 28-C,2025-04-01,VANDALISM,12
BARANGAY 20-B,2025-04-01,MURDER,21
CATALUNAN PEQUENO,2025-04-01,DRUG-RELATED,7
MARILOG,2025-04-01,CHILD ABUSE,6
LAPU-LAPU,2025-04-01,THEFT,6
TOMAS MONTEVERDE,2025-04-01,CARNAPPING,17
TIGATTO,2025-04-01,RAPE,11
BARANGAY 23-C,2025-04-01,RAPE,7
BARANGAY 37-D,2025-04-01,CHILD ABUSE,14
MATINA PANGI,2025-04-01,THEFT,5
PANALUM,2025-04-01,MURDER,14
BARANGAY 9-A,2025-04-01,HACKING,11
MATINA PANGI,2025-04-01,DRUG-RELATED,1
BALENGAENG,2025-04-01,ILLEGAL GAMBLING,9
BAGO OSHIRO,2025-04-01,CARNAPPING,6
SIRIB,2025-04-01,BURGLARY,2
BARANGAY 27-C,2025-04-01,CYBER LIBEL,12
MINTAL,2025-04-01,PHYSICAL INJURY,18
BAGO APLAYA,2025-04-01,MURDER,13
MAGSAYSAY,2025-04-01,IDENTITY THEFT,6
MANUEL GUIANGA,2025-04-01,CHILD ABUSE,20
NEW VALENCIA,2025-04-01,PHYSICAL INJURY,5
ILANG,2025-04-01,IDENTITY THEFT,3
CABANTIAN,2025-04-01,ROBBERY,12
BARANGAY 23-C,2025-04-01,MURDER,9
MATINA PANGI,2025-04-01,HOMICIDE,23
TUNGKALAN,2025-04-01,DRUG-RELATED,16
BUHANGIN,2025-04-01,ROBBERY,2
AQUINO,2025-04-01,IDENTITY THEFT,4
TAMBOBONG,2025-04-01,VANDALISM,15
SALAYSAY,2025-04-01,ROBBERY,9
BINUGAO,2025-04-01,THEFT,19
AQUINO,2025-04-01,ROBBERY,5
TAMBOBONG,2025-04-01,THEFT,14
BAGO GALLERA,2025-04-01,ILLEGAL GAMBLING,19
TALOMO RIVER,2025-04-01,THEFT,1
GUMALANG,2025-04-01,ILLEGAL POSSESSION OF FIREARMS,11
LIZADA,2025-04-01,PHYSICAL INJURY,11
LASANG,2025-04-01,RAPE,18
BARANGAY 9-A,2025-04-01,HOMICIDE,14
PANACAN,2025-04-01,CHILD ABUSE,20
BINUGAO,2025-04-01,ONLINE SCAM,21
BARANGAY 39-D,2025-04-01,ILLEGAL POSSESSION OF FIREARMS,4
SUAWAN,2025-04-01,MURDER,13
CATIGAN,2025-04-01,HOMICIDE,7
SALOY,2025-04-01,DRUG-RELATED,20
BARANGAY 19-B,2025-04-01,VANDALISM,19
TUGBOK,2025-04-01,ROBBERY,21
BALIOK,2025-04-01,RAPE,19
TAMUGAN,2025-04-01,HACKING,11
TOMAS MONTEVERDE,2025-04-01,HOMICIDE,24
BAYABAS,2025-04-01,CARNAPPING,21
BAYABAS,2025-04-01,ILLEGAL GAMBLING,18
TAMUGAN,2025-05-01,HACKING,16
ALAMBRE,2025-05-01,ONLINE SCAM,5
MANDUG,2025-05-01,CARNAPPING,16
TAMAYONG,2025-05-01,HACKING,24
DALIAO,2025-05-01,MURDER,11
MANDUG,2025-05-01,PHYSICAL INJURY,8
SALUMAY,2025-05-01,HOMICIDE,14
TOMAS MONTEVERDE,2025-05-01,RAPE,24
BARANGAY 18-B,2025-05-01,HOMICIDE,12
74-A MATINA CROSSING,2025-05-01,ONLINE SCAM,8
SIRIB,2025-05-01,BURGLARY,1
BARANGAY 27-C,2025-05-01,THEFT,4
BANTOL,2025-05-01,ILLEGAL GAMBLING,1
TUNGKALAN,2025-05-01,ILLEGAL POSSESSION OF FIREARMS,21
MAPI-ILA,2025-05-01,ILLEGAL GAMBLING,6
WINES,2025-05-01,HOMICIDE,13
PAMPANGA,2025-05-01,ILLEGAL POSSESSION OF FIREARMS,5
BUNAWAN,2025-05-01,ROBBERY,3
PANALUM,2025-05-01,PHYSICAL INJURY,11
SUAWAN,2025-05-01,ILLEGAL GAMBLING,21
BARANGAY 8-A,2025-05-01,RAPE,1
CENTRO SAN JUAN,2025-05-01,THEFT,22
GUMALANG,2025-05-01,PHYSICAL INJURY,6
BARANGAY 38-D,2025-05-01,IDENTITY THEFT,12
TIBUNGCO,2025-05-01,ILLEGAL GAMBLING,19
TIBUNGCO,2025-05-01,CARNAPPING,3
TAMUGAN,2025-05-01,MURDER,22
TALANDANG,2025-05-01,ONLINE SCAM,15
TAMUGAN,2025-05-01,ONLINE SCAM,19
LAPU-LAPU,2025-05-01,THEFT,23
WAAN,2025-05-01,DRUG-RELATED,20
ALFONSO ANGLIONGTO SR,2025-05-01,HACKING,15
MALABOG,2025-05-01,IDENTITY THEFT,3
NEW VALENCIA,2025-05-01,HACKING,16
TIGATTO,2025-05-01,THEFT,24
TALOMO,2025-05-01,PHYSICAL INJURY,20
PANACAN,2025-05-01,HOMICIDE,24
SUAWAN,2025-05-01,THEFT,24
MALAGOS,2025-05-01,CARNAPPING,15
SALAPAWAN,2025-05-01,CYBER LIBEL,6
BARANGAY 17-B,2025-05-01,CYBER LIBEL,11
LUBOGAN,2025-05-01,VANDALISM,1
BAO JOAQUIN,2025-05-01,CHILD ABUSE,11
LIZADA,2025-05-01,RAPE,24
TORIL,2025-05-01,BURGLARY,11
BARANGAY 9-A,2025-05-01,DRUG-RELATED,12
BAGO GALLERA,2025-05-01,THEFT,24
MARILOG,2025-05-01,HOMICIDE,19
DUTERTE,2025-05-01,ILLEGAL POSSESSION OF FIREARMS,9
BUHANGIN,2025-05-01,MURDER,11
DALIAO,2025-05-01,PHYSICAL INJURY,5
BUHANGIN,2025-05-01,ONLINE SCAM,13
BARANGAY 38-D,2025-05-01,ROBBERY,18
FATIMA,2025-05-01,RAPE,19
BAO JOAQUIN,2025-05-01,CHILD ABUSE,5
LAMANAN,2025-05-01,RAPE,18
GUMALANG,2025-05-01,CHILD ABUSE,2
MINTAL,2025-05-01,HOMICIDE,15
PAQUIBATO,2025-05-01,VANDALISM,24
TIBULOY,2025-05-01,RAPE,9
BAGO OSHIRO,2025-05-01,MURDER,14
MALAGOS,2025-05-01,DRUG-RELATED,6
EDEN,2025-05-01,BURGLARY,14
CATALUNAN PEQUENO,2025-05-01,CYBER LIBEL,24
CATALUNAN PEQUENO,2025-05-01,ILLEGAL GAMBLING,11
LASANG,2025-05-01,ROBBERY,9
BAGANIHAN,2025-05-01,CHILD ABUSE,4
SALAPAWAN,2025-05-01,CARNAPPING,6
ALAMBRE,2025-05-01,ROBBERY,9
INDANGAN,2025-05-01,RAPE,5
SALOY,2025-06-01,ONLINE SCAM,10
ILANG,2025-06-01,IDENTITY THEFT,17
LUBOGAN,2025-06-01,ILLEGAL POSSESSION OF FIREARMS,13
TOMAS MONTEVERDE,2025-06-01,HACKING,5
TAGURANO,2025-06-01,HOMICIDE,1
BAGANIHAN,2025-06-01,ROBBERY,13
ILANG,2025-06-01,CARNAPPING,12
SALAYSAY,2025-06-01,ILLEGAL GAMBLING,20
BARANGAY 19-B,2025-06-01,MURDER,10
SASA,2025-06-01,IDENTITY THEFT,18
TIBULOY,2025-06-01,HOMICIDE,1
PANACAN,2025-06-01,CHILD ABUSE,11
76-A BUCANA,2025-06-01,BURGLARY,13
TIBULOY,2025-06-01,BURGLARY,10
BARANGAY 14-B,2025-06-01,IDENTITY THEFT,3
PAQUIBATO,2025-06-01,IDENTITY THEFT,17
BARANGAY 27-C,2025-06-01,CYBER LIBEL,2
BARANGAY 37-D,2025-06-01,HOMICIDE,17
BARANGAY 9-A,2025-06-01,MURDER,23
LASANG,2025-06-01,MURDER,8
BARANGAY 13-B,2025-06-01,VANDALISM,6
BARANGAY 3-A,2025-06-01,MURDER,8
BARANGAY 13-B,2025-06-01,CARNAPPING,4
SASA,2025-06-01,THEFT,9
PANALUM,2025-06-01,MURDER,10
MAGTUOD,2025-06-01,MURDER,24
MATINA PANGI,2025-06-01,HOMICIDE,19
BALIOK,2025-06-01,ROBBERY,15
BAO ESCUELA,2025-06-01,HACKING,2
TIGATTO,2025-06-01,RAPE,1
BAYABAS,2025-06-01,ILLEGAL POSSESSION OF FIREARMS,20
WANGAN,2025-06-01,IDENTITY THEFT,9
INDANGAN,2025-06-01,ROBBERY,7
MAPI-ILA,2025-06-01,PHYSICAL INJURY,4
76-A BUCANA,2025-06-01,CHILD ABUSE,11
BARANGAY 26-C,2025-06-01,CYBER LIBEL,14
INDANGAN,2025-06-01,ROBBERY,12
MAGTUOD,2025-06-01,CYBER LIBEL,11
76-A BUCANA,2025-06-01,ILLEGAL GAMBLING,5
PANACAN,2025-06-01,CARNAPPING,24
ALAMBRE,2025-06-01,PHYSICAL INJURY,22
BAO ESCUELA,2025-06-01,DRUG-RELATED,23
SALAPAWAN,2025-06-01,DRUG-RELATED,2
ANGALAN,2025-06-01,THEFT,10
BARANGAY 8-A,2025-06-01,CARNAPPING,21
SALAYSAY,2025-06-01,THEFT,12
VICENTE HIZON,2025-06-01,CHILD ABUSE,21
AGDAO PROPER,2025-06-01,PHYSICAL INJURY,18
BARANGAY 8-A,2025-06-01,HOMICIDE,15
BARANGAY 27-C,2025-06-01,HOMICIDE,6
TAMUGAN,2025-06-01,ILLEGAL GAMBLING,13
TIBULOY,2025-06-01,DRUG-RELATED,8
TUGBOK,2025-06-01,RAPE,2
TIGATTO,2025-06-01,CHILD ABUSE,10
WINES,2025-06-01,HACKING,22
TAGURANO,2025-06-01,ILLEGAL POSSESSION OF FIREARMS,17
TAMAYONG,2025-06-01,ILLEGAL GAMBLING,20
BARANGAY 39-D,2025-06-01,HOMICIDE,19
SUAWAN,2025-06-01,HACKING,4
CARMEN,2025-06-01,PHYSICAL INJURY,20
PAQUIBATO,2025-06-01,HOMICIDE,9
LOS AMIGOS,2025-06-01,DRUG-RELATED,16
CABANTIAN,2025-06-01,CYBER LIBEL,14
SAN ANTONIO,2025-06-01,ROBBERY,7
MULIG,2025-06-01,DRUG-RELATED,6
MATINA APLAYA,2025-06-01,VANDALISM,17
MATINA CROSSING,2025-06-01,ILLEGAL POSSESSION OF FIREARMS,16
PAQUIBATO,2025-06-01,THEFT,16
TAMBOBONG,2025-06-01,RAPE,22
TACUNAN,2025-06-01,DRUG-RELATED,16
TUNGKALAN,2025-07-01,ROBBERY,20
BUHANGIN,2025-07-01,CARNAPPING,15
TALOMO RIVER,2025-07-01,VANDALISM,18
BUNAWAN,2025-07-01,ONLINE SCAM,4
BUNAWAN,2025-07-01,ILLEGAL GAMBLING,11
TIGATTO,2025-07-01,THEFT,14
BAYABAS,2025-07-01,RAPE,11
TALOMO,2025-07-01,DRUG-RELATED,22
BARANGAY 9-A,2025-07-01,ILLEGAL GAMBLING,22
BAO ESCUELA,2025-07-01,HACKING,13
LASANG,2025-07-01,DRUG-RELATED,8
TAMAYONG,2025-07-01,BURGLARY,1
LOS AMIGOS,2025-07-01,THEFT,8
TAGURANO,2025-07-01,CYBER LIBEL,1
LASANG,2025-07-01,CHILD ABUSE,6
TALANDANG,2025-07-01,PHYSICAL INJURY,15
LOS AMIGOS,2025-07-01,RAPE,5
CATALUNAN PEQUENO,2025-07-01,ILLEGAL GAMBLING,9
BUNAWAN,2025-07-01,MURDER,7
BANTOL,2025-07-01,HACKING,9
TIGATTO,2025-07-01,DRUG-RELATED,1
LAMANAN,2025-07-01,ILLEGAL GAMBLING,19
BAYABAS,2025-07-01,VANDALISM,15
BINUGAO,2025-07-01,BURGLARY,22
BARANGAY 10-A,2025-07-01,ROBBERY,15
SUBASTA,2025-07-01,DRUG-RELATED,9
BARANGAY 17-B,2025-07-01,HACKING,14
RIVERSIDE,2025-07-01,VANDALISM,7
TALOMO RIVER,2025-07-01,PHYSICAL INJURY,2
LAPU-LAPU,2025-07-01,ROBBERY,13
PAMPANGA,2025-07-01,CARNAPPING,2
TIBULOY,2025-07-01,VANDALISM,5
MATINA CROSSING,2025-07-01,DRUG-RELATED,13
40-D BOLTON ISLA,2025-07-01,VANDALISM,2
LAPU-LAPU,2025-07-01,BURGLARY,5
TUNGKALAN,2025-07-01,BURGLARY,4
BARANGAY 14-B,2025-07-01,BURGLARY,5
MALAGOS,2025-07-01,ONLINE SCAM,10
PACIANO BANGOY,2025-07-01,ILLEGAL GAMBLING,5
ULAS,2025-07-01,HACKING,10
MAGTUOD,2025-07-01,IDENTITY THEFT,24
MARILOG,2025-07-01,BURGLARY,16
BARANGAY 18-B,2025-07-01,BURGLARY,22
WANGAN,2025-07-01,PHYSICAL INJURY,13
BARANGAY 14-B,2025-07-01,IDENTITY THEFT,17
TACUNAN,2025-07-01,BURGLARY,17
TIGATTO,2025-07-01,MURDER,5
BARANGAY 9-A,2025-07-01,PHYSICAL INJURY,3
MAPI-ILA,2025-07-01,ROBBERY,15
CATALUNAN PEQUENO,2025-07-01,ILLEGAL GAMBLING,11
BARANGAY 19-B,2025-07-01,VANDALISM,14
MULIG,2025-07-01,DRUG-RELATED,10
SALAYSAY,2025-07-01,THEFT,14
PAMPANGA,2025-07-01,CHILD ABUSE,14
LUBOGAN,2025-07-01,VANDALISM,15
BARANGAY 37-D,2025-07-01,ILLEGAL POSSESSION OF FIREARMS,19
BAO JOAQUIN,2025-07-01,HOMICIDE,18
BARANGAY 10-A,2025-07-01,BURGLARY,9
CATALUNAN GRANDE,2025-07-01,RAPE,23
GUMALANG,2025-07-01,IDENTITY THEFT,5
MAGTUOD,2025-07-01,CARNAPPING,2
MAA,2025-07-01,ILLEGAL POSSESSION OF FIREARMS,18
TUNGKALAN,2025-07-01,ILLEGAL GAMBLING,1
SAN ANTONIO,2025-07-01,HACKING,17
AGDAO PROPER,2025-07-01,PHYSICAL INJURY,7
SAN ISIDRO,2025-07-01,ILLEGAL GAMBLING,24
ALFONSO ANGLIONGTO SR,2025-07-01,HACKING,17
BARANGAY 9-A,2025-07-01,RAPE,9
MAA,2025-07-01,ONLINE SCAM,22
SANTO NINO,2025-07-01,VANDALISM,20
TUGBOK,2025-08-01,ILLEGAL POSSESSION OF FIREARMS,11
SIRIB,2025-08-01,PHYSICAL INJURY,11
BARANGAY 3-A,2025-08-01,PHYSICAL INJURY,13
MARILOG,2025-08-01,CHILD ABUSE,21
BARANGAY 26-C,2025-08-01,THEFT,21
BAYABAS,2025-08-01,VANDALISM,6
MAGTUOD,2025-08-01,ILLEGAL GAMBLING,3
BAYABAS,2025-08-01,MURDER,2
CALINAN,2025-08-01,THEFT,24
74-A MATINA CROSSING,2025-08-01,PHYSICAL INJURY,9
CARMEN,2025-08-01,BURGLARY,2
TORIL,2025-08-01,ROBBERY,23
BARANGAY 11-A,2025-08-01,HACKING,17
BUHANGIN,2025-08-01,BURGLARY,11
TUNGKALAN,2025-08-01,ILLEGAL POSSESSION OF FIREARMS,24
SIRIB,2025-08-01,HOMICIDE,18
BARANGAY 27-C,2025-08-01,IDENTITY THEFT,24
BARANGAY 9-A,2025-08-01,IDENTITY THEFT,19
BARANGAY 26-C,2025-08-01,HACKING,10
MAGTUOD,2025-08-01,ONLINE SCAM,4
SAN ANTONIO,2025-08-01,THEFT,12
SASA,2025-08-01,MURDER,1
BARANGAY 14-B,2025-08-01,CHILD ABUSE,18
BAGO OSHIRO,2025-08-01,HACKING,2
BARANGAY 8-A,2025-08-01,HOMICIDE,8
TALOMO RIVER,2025-08-01,MURDER,20
PANALUM,2025-08-01,ILLEGAL POSSESSION OF FIREARMS,8
BARANGAY 26-C,2025-08-01,HACKING,9
BARANGAY 10-A,2025-08-01,ONLINE SCAM,24
MABUHAY,2025-08-01,ILLEGAL GAMBLING,24
NEW VALENCIA,2025-08-01,ROBBERY,3
BARANGAY 27-C,2025-08-01,MURDER,4
BARANGAY 39-D,2025-08-01,ILLEGAL GAMBLING,7
PAMPANGA,2025-08-01,BURGLARY,8
GUMALANG,2025-08-01,MURDER,24
MALABOG,2025-08-01,VANDALISM,4
LAMANAN,2025-08-01,MURDER,2
TUNGKALAN,2025-08-01,RAPE,11
BAO JOAQUIN,2025-08-01,THEFT,2
MATINA CROSSING,2025-08-01,ILLEGAL GAMBLING,5
PACIANO BANGOY,2025-08-01,BURGLARY,19
BARANGAY 14-B,2025-08-01,ROBBERY,6
MANDUG,2025-08-01,CHILD ABUSE,16
TAPAK,2025-08-01,HACKING,1
MAGTUOD,2025-08-01,HOMICIDE,6
ALFONSO ANGLIONGTO SR,2025-08-01,CHILD ABUSE,24
MAGSAYSAY,2025-08-01,HACKING,12
MAA,2025-08-01,BURGLARY,17
BARANGAY 39-D,2025-08-01,ONLINE SCAM,12
AGDAO PROPER,2025-08-01,CARNAPPING,11
BALIOK,2025-08-01,ILLEGAL GAMBLING,24
SIRIB,2025-08-01,RAPE,20
MATINA APLAYA,2025-08-01,PHYSICAL INJURY,24
CATIGAN,2025-08-01,ILLEGAL GAMBLING,18
SUBASTA,2025-08-01,CARNAPPING,14
40-D BOLTON ISLA,2025-08-01,IDENTITY THEFT,12
TAMAYONG,2025-08-01,DRUG-RELATED,14
MABUHAY,2025-08-01,VANDALISM,10
ILANG,2025-08-01,VANDALISM,16
COMMUNAL,2025-08-01,CHILD ABUSE,2
NEW VALENCIA,2025-08-01,BURGLARY,24
BARANGAY 39-D,2025-08-01,ROBBERY,6
ALAMBRE,2025-08-01,HACKING,16
MINTAL,2025-08-01,CARNAPPING,12
BAGO APLAYA,2025-08-01,IDENTITY THEFT,17
CATIGAN,2025-08-01,CHILD ABUSE,7
MAGTUOD,2025-08-01,CHILD ABUSE,19
BARANGAY 8-A,2025-08-01,HOMICIDE,22
CABANTIAN,2025-08-01,HACKING,18
WAAN,2025-08-01,BURGLARY,10
BAO ESCUELA,2025-09-01,CHILD ABUSE,8
MAGTUOD,2025-09-01,BURGLARY,22
GUMITAN,2025-09-01,RAPE,3
BALENGAENG,2025-09-01,RAPE,7
ALAMBRE,2025-09-01,ROBBERY,6
GUMALANG,2025-09-01,ROBBERY,1
BALENGAENG,2025-09-01,ILLEGAL GAMBLING,10
BAGANIHAN,2025-09-01,MURDER,4
INDANGAN,2025-09-01,IDENTITY THEFT,9
BALIOK,2025-09-01,VANDALISM,19
BUNAWAN,2025-09-01,BURGLARY,12
BARANGAY 39-D,2025-09-01,ILLEGAL POSSESSION OF FIREARMS,5
BARANGAY 8-A,2025-09-01,RAPE,19
BAGUIO PROPER,2025-09-01,CYBER LIBEL,12
TAMUGAN,2025-09-01,CARNAPPING,20
SUAWAN,2025-09-01,HOMICIDE,11
EDEN,2025-09-01,PHYSICAL INJURY,4
AQUINO,2025-09-01,CARNAPPING,15
BAO JOAQUIN,2025-09-01,VANDALISM,16
BARANGAY 32-D,2025-09-01,CYBER LIBEL,13
AGDAO PROPER,2025-09-01,ILLEGAL GAMBLING,24
40-D BOLTON ISLA,2025-09-01,PHYSICAL INJURY,21
PANACAN,2025-09-01,PHYSICAL INJURY,10
SALAPAWAN,2025-09-01,HACKING,18
MALABOG,2025-09-01,ROBBERY,16
LASANG,2025-09-01,ONLINE SCAM,6
TACUNAN,2025-09-01,HACKING,8
BARANGAY 39-D,2025-09-01,PHYSICAL INJURY,17
BARANGAY 3-A,2025-09-01,CHILD ABUSE,17
DUMOY,2025-09-01,MURDER,11
WANGAN,2025-09-01,BURGLARY,21
BALENGAENG,2025-09-01,BURGLARY,22
SASA,2025-09-01,PHYSICAL INJURY,10
BALIOK,2025-09-01,THEFT,21
BINUGAO,2025-09-01,HACKING,14
BARANGAY 10-A,2025-09-01,BURGLARY,16
BAYABAS,2025-09-01,PHYSICAL INJURY,11
GUMITAN,2025-09-01,IDENTITY THEFT,4
BARANGAY 23-C,2025-09-01,CYBER LIBEL,22
TORIL,2025-09-01,HACKING,14
LAMANAN,2025-09-01,IDENTITY THEFT,24
FATIMA,2025-09-01,CHILD ABUSE,13
SALUMAY,2025-09-01,HOMICIDE,4
LASANG,2025-09-01,ROBBERY,13
TIGATTO,2025-09-01,CHILD ABUSE,9
GUMALANG,2025-09-01,THEFT,1
AQUINO,2025-09-01,ILLEGAL POSSESSION OF FIREARMS,16
PANALUM,2025-09-01,HOMICIDE,15
EDEN,2025-09-01,DRUG-RELATED,2
BAGANIHAN,2025-09-01,HACKING,11
BARANGAY 28-C,2025-09-01,ILLEGAL GAMBLING,4
BARANGAY 27-C,2025-09-01,CARNAPPING,1
BARANGAY 9-A,2025-09-01,VANDALISM,1
MARAPANGI,2025-09-01,CYBER LIBEL,22
CALINAN,2025-09-01,MURDER,14
MATINA PANGI,2025-09-01,THEFT,6
PAMPANGA,2025-09-01,RAPE,23
BUDA,2025-09-01,VANDALISM,16
CABANTIAN,2025-09-01,ROBBERY,5
PANALUM,2025-09-01,CARNAPPING,19
LACSON,2025-09-01,CYBER LIBEL,7
BARANGAY 2-A,2025-09-01,CARNAPPING,24
INDANGAN,2025-09-01,CYBER LIBEL,12
SASA,2025-09-01,ONLINE SCAM,18
MATINA CROSSING,2025-09-01,CARNAPPING,2
CATALUNAN PEQUENO,2025-09-01,HOMICIDE,14
BARANGAY 38-D,2025-09-01,HOMICIDE,21
MARILOG,2025-09-01,PHYSICAL INJURY,8
ACACIA,2025-09-01,PHYSICAL INJURY,5
TACUNAN,2025-09-01,HACKING,2
BARANGAY 13-B,2025-10-01,VANDALISM,3
BAGANIHAN,2025-10-01,VANDALISM,20
ACACIA,2025-10-01,DRUG-RELATED,12
BAGO APLAYA,2025-10-01,IDENTITY THEFT,20
BAGUIO PROPER,2025-10-01,DRUG-RELATED,15
BUNAWAN,2025-10-01,ILLEGAL POSSESSION OF FIREARMS,10
CATALUNAN PEQUENO,2025-10-01,PHYSICAL INJURY,12
MALABOG,2025-10-01,DRUG-RELATED,12
CENTRO SAN JUAN,2025-10-01,ROBBERY,1
SANTO NINO,2025-10-01,RAPE,13
LASANG,2025-10-01,ONLINE SCAM,16
PANACAN,2025-10-01,ROBBERY,9
BUHANGIN,2025-10-01,ONLINE SCAM,14
BARANGAY 5-A,2025-10-01,ROBBERY,5
SANTO NINO,2025-10-01,ROBBERY,1
CALINAN,2025-10-01,VANDALISM,14
PAQUIBATO,2025-10-01,VANDALISM,5
CABANTIAN,2025-10-01,ILLEGAL GAMBLING,15
TAMBOBONG,2025-10-01,PHYSICAL INJURY,8
BARANGAY 20-B,2025-10-01,HOMICIDE,11
VICENTE HIZON,2025-10-01,ONLINE SCAM,18
ILANG,2025-10-01,ROBBERY,9
BAGANIHAN,2025-10-01,CARNAPPING,19
LASANG,2025-10-01,CYBER LIBEL,12
BARANGAY 20-B,2025-10-01,CYBER LIBEL,17
BALIOK,2025-10-01,DRUG-RELATED,2
MABUHAY,2025-10-01,BURGLARY,13
MALAGOS,2025-10-01,BURGLARY,3
BARANGAY 17-B,2025-10-01,CYBER LIBEL,18
TUGBOK,2025-10-01,PHYSICAL INJURY,22
MABUHAY,2025-10-01,IDENTITY THEFT,8
SUBASTA,2025-10-01,PHYSICAL INJURY,5
ALAMBRE,2025-10-01,ONLINE SCAM,19
DUTERTE,2025-10-01,DRUG-RELATED,4
BARANGAY 27-C,2025-10-01,PHYSICAL INJURY,13
BARANGAY 3-A,2025-10-01,VANDALISM,6
MAGTUOD,2025-10-01,VANDALISM,9
BARANGAY 17-B,2025-10-01,THEFT,4
SALAYSAY,2025-10-01,CARNAPPING,16
BUDA,2025-10-01,THEFT,15
BARANGAY 17-B,2025-10-01,MURDER,23
BARANGAY 37-D,2025-10-01,HACKING,8
BARANGAY 17-B,2025-10-01,CHILD ABUSE,22
CENTRO SAN JUAN,2025-10-01,IDENTITY THEFT,23
BAGO GALLERA,2025-10-01,CYBER LIBEL,18
SALAPAWAN,2025-10-01,PHYSICAL INJURY,4
TALOMO RIVER,2025-10-01,ONLINE SCAM,1
TUGBOK,2025-10-01,HACKING,17
BARANGAY 17-B,2025-10-01,THEFT,2
MINTAL,2025-10-01,CYBER LIBEL,14
CATIGAN,2025-10-01,VANDALISM,14
WANGAN,2025-10-01,CARNAPPING,14
TUNGKALAN,2025-10-01,HACKING,8
LASANG,2025-10-01,VANDALISM,24
PAMPANGA,2025-10-01,ILLEGAL POSSESSION OF FIREARMS,7
BALENGAENG,2025-10-01,MURDER,16
CAWAYAN,2025-10-01,BURGLARY,17
BARANGAY 20-B,2025-10-01,IDENTITY THEFT,21
TUNGKALAN,2025-10-01,DRUG-RELATED,21
MAHAYAG,2025-10-01,HACKING,7
MAGTUOD,2025-10-01,THEFT,17
NEW VALENCIA,2025-10-01,DRUG-RELATED,2
WINES,2025-10-01,ILLEGAL POSSESSION OF FIREARMS,16
SALAPAWAN,2025-10-01,IDENTITY THEFT,8
MANDUG,2025-10-01,DRUG-RELATED,5
BAYABAS,2025-10-01,ROBBERY,6
SAN ANTONIO,2025-10-01,DRUG-RELATED,6
PANACAN,2025-10-01,MURDER,5
BARANGAY 10-A,2025-10-01,ILLEGAL POSSESSION OF FIREARMS,23
TOMAS MONTEVERDE,2025-10-01,CHILD ABUSE,20
MAGTUOD,2025-11-01,ROBBERY,10
SASA,2025-11-01,BURGLARY,2
ALFONSO ANGLIONGTO SR,2025-11-01,THEFT,11
SIRIB,2025-11-01,CHILD ABUSE,14
BAGO OSHIRO,2025-11-01,ILLEGAL GAMBLING,17
EDEN,2025-11-01,RAPE,20
MATINA CROSSING,2025-11-01,ONLINE SCAM,24
BAYABAS,2025-11-01,DRUG-RELATED,5
ALAMBRE,2025-11-01,CHILD ABUSE,21
SALUMAY,2025-11-01,VANDALISM,10
LACSON,2025-11-01,DRUG-RELATED,20
ALAMBRE,2025-11-01,CARNAPPING,7
SIRIB,2025-11-01,MURDER,12
LOS AMIGOS,2025-11-01,IDENTITY THEFT,21
MATINA CROSSING,2025-11-01,HOMICIDE,17
BUNAWAN,2025-11-01,DRUG-RELATED,23
TALANDANG,2025-11-01,ILLEGAL GAMBLING,18
LAMANAN,2025-11-01,BURGLARY,13
TUGBOK,2025-11-01,DRUG-RELATED,18
BARANGAY 17-B,2025-11-01,ILLEGAL POSSESSION OF FIREARMS,22
BAO JOAQUIN,2025-11-01,RAPE,14
CATIGAN,2025-11-01,MURDER,20
ALAMBRE,2025-11-01,VANDALISM,5
LIZADA,2025-11-01,CARNAPPING,23
BARANGAY 5-A,2025-11-01,ONLINE SCAM,2
BARANGAY 20-B,2025-11-01,MURDER,23
PANACAN,2025-11-01,BURGLARY,24
CATIGAN,2025-11-01,DRUG-RELATED,3
MABUHAY,2025-11-01,IDENTITY THEFT,15
MAA,2025-11-01,CYBER LIBEL,2
MATINA APLAYA,2025-11-01,THEFT,24
BARANGAY 27-C,2025-11-01,HOMICIDE,4
TOMAS MONTEVERDE,2025-11-01,RAPE,3
SIRIB,2025-11-01,ROBBERY,17
PANACAN,2025-11-01,BURGLARY,12
MANDUG,2025-11-01,VANDALISM,21
SAN ISIDRO,2025-11-01,PHYSICAL INJURY,17
PANALUM,2025-11-01,BURGLARY,14
MAA,2025-11-01,VANDALISM,2
CAWAYAN,2025-11-01,ROBBERY,24
TAMAYONG,2025-11-01,ILLEGAL POSSESSION OF FIREARMS,20
MAGSAYSAY,2025-11-01,CHILD ABUSE,7
LACSON,2025-11-01,ILLEGAL GAMBLING,19
AGDAO PROPER,2025-11-01,CHILD ABUSE,21
DUTERTE,2025-11-01,VANDALISM,13
BUNAWAN,2025-11-01,RAPE,11
BARANGAY 2-A,2025-11-01,VANDALISM,13
BARANGAY 3-A,2025-11-01,ROBBERY,24
BARANGAY 14-B,2025-11-01,ROBBERY,22
BAGO OSHIRO,2025-11-01,THEFT,6
ULAS,2025-11-01,CHILD ABUSE,17
76-A BUCANA,2025-11-01,RAPE,19
LUBOGAN,2025-11-01,IDENTITY THEFT,6
BARANGAY 20-B,2025-11-01,ILLEGAL GAMBLING,4
SAN ISIDRO,2025-11-01,ILLEGAL GAMBLING,10
SUBASTA,2025-11-01,DRUG-RELATED,20
BUNAWAN,2025-11-01,CHILD ABUSE,9
BARANGAY 19-B,2025-11-01,MURDER,21
BAYABAS,2025-11-01,MURDER,20
BARANGAY 10-A,2025-11-01,HOMICIDE,11
WINES,2025-11-01,ILLEGAL POSSESSION OF FIREARMS,14
TUNGKALAN,2025-11-01,CARNAPPING,4
BALIOK,2025-11-01,RAPE,23
MALABOG,2025-11-01,MURDER,19
BARANGAY 14-B,2025-11-01,ILLEGAL GAMBLING,5
BAGUIO PROPER,2025-11-01,HOMICIDE,6
AGDAO PROPER,2025-11-01,ROBBERY,6
BARANGAY 38-D,2025-11-01,BURGLARY,22
ACACIA,2025-11-01,CARNAPPING,17
ALAMBRE,2025-11-01,PHYSICAL INJURY,13
